fn,ln,geb,gest,BHR
Aach,Löb (hebr. Juda-L.),1750,1820,BHR1
Abarbanell,Hirsch,1788,1866,BHR1
Abarbanell,Jacob Abraham,,1833,BHR1
Abeles,Meyer,1806,1887,BHR1
Abeles,Samuel. ,,,BHR1
Abraham,,,1830,BHR1
Abraham,Salomon,1745,1831,BHR1
Abrahamsohn,Itzig. ,,,BHR1
Adler,Abraham,1808,1880,BHR1
Adler,Abraham Jakob,1811,1856,BHR1
Adler,Beer,1784,1866,BHR1
Adler,Gabriel,1788,1859,BHR1
Adler,Hermann,1839,1911,BHR1
Adler,Hirsch (hebr. Naftali-H.). ,,,BHR1
Adler,Immanuel,1840,1911,BHR1
Adler,Isaak-Eisik,1753,1822,BHR1
Adler,Josef. ,,,BHR1
Adler,Josef Gabriel,1804,1873,BHR1
Adler,Lazarus Levi,1810,1886,BHR1
Adler,Liebmann,1812,1892,BHR1
Adler,Marcus,1757,1834,BHR1
Adler,Michael,1815,1889,BHR1
Adler,Nathan,1741,1800,BHR1
Adler,Nathan,1803,1890,BHR1
Adler,Samuel,1809,1891,BHR1
Adler,Samuel Hirsch,1739,1811,BHR1
Adler,Alexander Sussmann,1816,1869,BHR1
Albu,Joseph Samuel,,1816-1820,BHR1
Albu,Josua,1767,1832,BHR1
Alexander,Gerson. ,,,BHR1
Alexander,Isaak,1722,1802,BHR1
Alexander,Juda,,1791,BHR1
Alexander,Simon. ,,,BHR1
Alexandersohn,Jonathan,1799,1869,BHR1
Algasi,Salomon. ,,,BHR1
Alifeld,Moses Gabriel,1820,,BHR1
Allina,David. ,,,BHR1
Alsenz,Getschlik,1756,1824,BHR1
Altar,Bernhard,,,BHR1
Altar,Jonas,1755,1855,BHR1
Altenkunstadt,Jakob,1765,1835,BHR1
Altmann,Joseph-Josel,1818,1874,BHR1
Amson,Leopold,1817,,BHR1
Apolant,Esra,1765,1845,BHR1
Apolant,Samuel,1823,1898,BHR1
Apt,Moses. ,,,BHR1
Arendt,Aron Juda,1755,1828,BHR1
Arenstein,Samson,1821,1903,BHR1
Arnheim,Heymann,1796,1869,BHR1
Arnheim,Michael Aron. ,,,BHR1
Aron b. Israel Joseph,,1732,1800,BHR1
Aron b. Juda. ,,,,BHR1
Asch,Abraham,1725,1802,BHR1
Asch,Joel,1745,1810,BHR1
Asch,Juda,,1831,BHR1
Asch,Koppel,,1853,BHR1
Asch,Lazarus. ,,,BHR1
Asche,Gerson Zippert,1791,1853,BHR1
Asche,Tobias,1768,1827,BHR1
Ascher,Abraham,1794,1837,BHR1
Ascher,Enoch,,,BHR1
Ascher,Moses,1773,1848,BHR1
Aschkenasi,Elchanan,1713,1780,BHR1
Aschkenasi,Itzig,,1814,BHR1
Aub,Hirsch,1796,1875,BHR1
Aub,Joseph,1804,1880,BHR1
Auerbach,Abraham,1763,1845,BHR1
Auerbach,Aron,1810,1886,BHR1
Auerbach,Benjamin-Hirsch,1808,1872,BHR1
Auerbach,Chaim,1755,1840,BHR1
Auerbach,Elieser. ,,,BHR1
Auerbach,Hirsch (hebr. Zwi-H.),,,BHR1
Auerbach,Jakob,,1860,BHR1
Auerbach,Jechiel Joel,,1834,BHR1
Auerbach,Lazarus M. ,,,BHR1
Auerbach,Léon,1813,1887,BHR1
Auerbach,Lewin Isaak,,1823,BHR1
Auerbach,Menachem-Mannheim,1773,1849,BHR1
Auerbach,Moses,,1821,BHR1
Auerbach,Samuel,1827,1884,BHR1
Auerbach,Zacharias,1844,1927,BHR1
Ausch,Aron. ,,,BHR1
Ausch,Juda,,1806,BHR1
Austerlitz,Michl,1736,1784,BHR1
Baad,P. ,,,BHR1
Bach,Moses Aron,1809,1879,BHR1
Bachrach,Michael,1730,1801,BHR1
Back,Ignaz W.,,,BHR1
Back,Samuel,1841,1899,BHR1
Baeck,Abraham,1785,1851,BHR1
Baeck,Nathan,1810,1869,BHR1
Baeck,Samuel,1834,1912,BHR1
Bärmann,Jacob,1792,,BHR1
Ball,Michael,1771,1845,BHR1
Ball,Moses,,1886,BHR1
Bamberger,Isaac,1834,1896,BHR1
Bamberger,Jakob-Koppel,1785,1864,BHR1
Bamberger,Moses (hebr. Juda-Moses),1750,1820,BHR1
Bamberger,Moses Löb,1838,1899,BHR1
Bamberger,Salomon Salman,1835,1918,BHR1
Bamberger,Seligmann-Bär,1807,1878,BHR1
Bamberger,Simon-Simche,1832,1897,BHR1
Bandiner,Salomon. ,,,BHR1
Barby,Meyer,1725,1789,BHR1
Baruh,Ruben,1811,1875,BHR1
Baschwitz,Hirsch (hebr. Zwi-H.),,1837,BHR1
Baszynski,A,,1861,BHR1
Baumer,Wolf,1797,,BHR1
Baumgarten,Abraham,,1820,BHR1
Beer b. Juspa,,1765,1815,BHR1
Beer,Isaac,,1827,BHR1
Beer,Jakob,,1830,BHR1
Beer,Moses Salomon Hakohen. ,,,BHR1
Beit,Lippmann,,1798,BHR1
Beit,Salomon,,1825,BHR1
Bendix,Dr. ,,,BHR1
Benesch,Lazar,,1891,BHR1
Benet,Jesaja,1792,1864,BHR1
Benet,Mordechai,1753,1829,BHR1
Benet,Naftali,1789,1857,BHR1
Bensheim,Haium Löb,,1790,BHR1
Bensheim,Simon-Simcha,1773,1845,BHR1
Benzian,Raphael,,,BHR1
Berenstein,Samuel,1767,1838,BHR1
Bergler,Simon. ,,,BHR1
Bergmann,Lazarus Wolf,1799,1852,BHR1
Berlin,Eisik,1792,1865,BHR1
Berlin,Hirsch,,1795,BHR1
Berlin,Jesaja,1725,1799,BHR1
Berlin,Lase,1740,1814,BHR1
Berlin,Löb (hebr. Arjeh-L.),1737,1814,BHR1
Berlin,Löb. ,,,BHR1
Berlin,Moses,,1829,BHR1
Berlin,Noah-Haium-Hirsch,1734,1802,BHR1
Berlin,Saul,1740,1794,BHR1
Berliner,Abraham,1833,1915,BHR1
Berliner,Tewele,,1813,BHR1
Berlinger,Aron,1745,1815,BHR1
Berlinger,Hirsch Jakob,1798,1874,BHR1
Berlinger,Jakob Bär. ,,,BHR1
Berlinger,Menachem-Menko,1831,1903,BHR1
Bernays,Isaak,1792,1849,BHR1
Bernstein,M. ,,,BHR1
Beyersdorf,Jakob,1753-1757,,BHR1
Biberfeld,Philipp,1783,1841,BHR1
Biedermann,Samuel. ,,,BHR1
Bierheim,Meier,1809,1844,BHR1
Biesenthal,I. ,,,BHR1
Bing,Abraham,1752,1841,BHR1
Blaschke,Löbel (hebr. Juda-L.),1782,1861,BHR1
Blatt,Moses,,1830,BHR1
Bleichrode,Hirsch (hebr. Naftali-H.),,1839,BHR1
Bloch,Aron,1814,1863,BHR1
Bloch,Beer. ,,,BHR1
Bloch,Eleasar,,1833,BHR1
Bloch,Issaschar-Beer,1730,1798,BHR1
Bloch,Mendl. ,,,BHR1
Bloch,Moses,1804,1841,BHR1
Bloch,Moses Löb,1815,1909,BHR1
Bloch,S. M.,1841,1903,BHR1
Bloch,Salomon,1746,1833,BHR1
Blowitz,Isak. ,,,BHR1
Blücher,Ephraim Israel,1813,1882,BHR1
Blüh,Abraham,1835,1907,BHR1
Blum,Salomon Aron,,,BHR1
Blümlein,Moses,,,BHR1
Bock,Jaker Markus. ,,,BHR1
Bodenheimer,Löb,1807,1868,BHR1
Böheim,Abraham,1767,1845,BHR1
Böhm,Gabriel,,1817,BHR1
Bondi,Abraham,1721,1786,BHR1
Bondi,Elias,1777,1860,BHR1
Bondi,Elieser,,1794,BHR1
Bondi,Moses-Jona,1768,1806,BHR1
Bondi,Nehemia-Feitel,1762,1831,BHR1
Bondi,Philipp,1830,1907,BHR1
Bondi,Samuel,1794,1877,BHR1
Borchardt,Isaak I. ,,,BHR1
Boskowitz,Wolf,1740,1818,BHR1
Brady,Moses. ,,,BHR1
Brandeis,Moses Abraham,1765,1819,BHR1
Brandenburg,Sanwel,,1791,BHR1
Brann,Isaak,1823,1893,BHR1
Brann,Salomon,1814,1903,BHR1
Breslau,David,,1808,BHR1
Breslau,Leibusch (hebr. Arjeh-L.),1741,1809,BHR1
Breslauer,Michael,1710,1789,BHR1
Bretzfeld,Simon Naphtali,1794,1859,BHR1
Bretzfeld,Wolf,1749,1826,BHR1
Bretzfelder,Meyer,1750,1823,BHR1
Briesker,Markus,,,BHR1
Brill,Joel. ,,,BHR1
Brisch,David,,1835,BHR1
Brisch,Elieser,,1831-1831,BHR1
Brisch,David,,1835,BHR1
Brisch,Jacob,,1847,BHR1
Brod,Aron M. ,,,BHR1
Brod,Mordechai,,1815,BHR1
Brod,Samuel,1771,1852,BHR1
Broda,Abraham,,1790,BHR1
Broda,Hirsch (hebr. Zwi-H.),,1820,BHR1
Brodda,Saul. ,,,BHR1
Brohn,Heimann,,1860,BHR1
Brüll,Jakob,1812,1889,BHR1
Brüll,Nehemiah,1843,1891,BHR1
Brummel,Markus. ,,,BHR1
Brumov,Markus. ,,,BHR1
Brünn,Izik. ,,,BHR1
Brunner,Juda,1813,1892,BHR1
Brunner,Wolf. ,,,BHR1
Buchheim,David,,1841,BHR1
Buchheim,Gerson,,1846,BHR1
Buchholz,Peter,1837,1892,BHR1
Bunzel,Bermann,1800,1855,BHR1
Bunzelfedern,Elias,1799,1843,BHR1
Buttenwieser,Joseph Löw Jakob (hebr. J. Arje-L. J.),1780,1852,BHR1
Buttenwieser,Samuel,1738,1807,BHR1
Byk,Michael Samuel,1770,,BHR1
Cahn,Elias,1808,1888,BHR1
Calmon,Isaac,1753,,BHR1
Calvary,Jakob,,1836,BHR1
Calvary,Moses,,1867,BHR1
Carlburg,Löb(hebr. Juda-L.),1765,1835,BHR1
Carlebach,Salomon,1845,1919,BHR1
Carmoly,Eliakim,1802,1875,BHR1
Caro,Abraham,,1858,BHR1
Caro,Abraham Jesaja,1827,1888,BHR1
Caro,Hirsch,,1833,BHR1
Caro,Hirsch. ,,,BHR1
Caro,Hirsch,1829,1894,BHR1
Caro,Hirsch Isaak,,1844,BHR1
Caro,Isaak-Seelig,,1802,BHR1
Caro,Israel. ,,,BHR1
Caro,Jakob,,1847,BHR1
Caro,Jakob. ,,,BHR1
Caro,Jecheskel,1844,1915,BHR1
Caro,Joseph Heimann,1805,1895,BHR1
Caro,Julius,1832,1912,BHR1
Caro,Liepmann,,1796,BHR1
Caro,Löb (hebr. Arjeh-L.),,1797,BHR1
Caro,Naftali,1798,1877,BHR1
Caro,Salomon. ,,,BHR1
Caro,Salomon,1825,1859,BHR1
Caro,Samuel J.,1794,1875,BHR1
Cassel,Aron,1817,1896,BHR1
Cassuto,Jehuda,1808,1893,BHR1
Chaim Jona. ,,,,BHR1
Chaim,Abraham,,1856,BHR1
Chaim,Elias Jakob,,1900,BHR1
Chajes,Gerson,1712,1789,BHR1
Chalfan,Aron Löb,,1782,BHR1
Chalfan,Gabriel,,1791,BHR1
Chefetz,Moses,,1807,BHR1
Chelm,Abraham,,1785,BHR1
Chlumetzer,Elias,,1822,BHR1
Chorin,Aron,1766,1844,BHR1
Chronik,Isaac Löw,1825,1886,BHR1
Cohen,Abraham. ,,,BHR1
Cohen,Asser Daniel,1794,1862,BHR1
Cohen,Baruch. ,,,BHR1
Cohen,David. ,,,BHR1
Cohen,Herschel (hebr. Zwi-H.),1755,1827,BHR1
Cohen,Moses,1785,1843,BHR1
Cohen,Raphael,1722,1803,BHR1
Cohn,Dr. ,,,BHR1
Cohn,Aron Hirz. ,,,BHR1
Cohn,Aron,1840,1922,BHR1
Cohn,Benjamin,1826,1880,BHR1
Cohn,Elkan,1820,1889,BHR1
Cohn,Falk,1833,1901,BHR1
Cohn,Feibisch,,,BHR1
Cohn,H. ,,,BHR1
Cohn,Israel Heimann. ,,,BHR1
Cohn,Jechiel. ,,,BHR1
Cohn,Jekew,1808,1905,BHR1
Cohn,Joseph,1828,,BHR1
Cohn,M. J. ,,,BHR1
Cohn,Moses. ,,,BHR1
Cohn,Pessach,,1831,BHR1
Cohn,Salomon,1822,1902,BHR1
Cohn,Tobias,1826,1904,BHR1
Cohn,Wolf,,1859,BHR1
Cohn,Wolf,1812,1888,BHR1
Cossmann,Julius-Jona,1816,1855,BHR1
Cracauer,Heinrich,1815,1864,BHR1
Crailsheimer,Salomon,1768,1834,BHR1
Dajan,Wolf. ,,,BHR1
Danziger,E. M. ,,,BHR1
Darmstadt,Samuel Lazarus,,1782,BHR1
Dattelzweig,Moses. ,,,BHR1
Daus,Lippmann,,1829,BHR1
Daus,S. ,,,BHR1
David-Tewele ,,,1862,BHR1
David b. Juda,,,1817,BHR1
David b. Juda-Leib. ,,,,BHR1
Delem,Hirsch Samuel (hebr. Zwi.-H. S.),,1796,BHR1
Deller,Lippmann. ,,,BHR1
Dessauer,Moritz,1842,1895,BHR1
Deutsch,Alexander. ,,,BHR1
Deutsch,Aron David,1812,1878,BHR1
Deutsch,David,1755,1831,BHR1
Deutsch,David,1810,1873,BHR1
Deutsch,Israel,1800,1853,BHR1
Deutsch,Jakob Issaschar Berusch. ,,,BHR1
Deutsch,Josef Emanuel,1730,1826,BHR1
Deutsch,Meir,,1781,BHR1
Deutsch,Moritz,,1892,BHR1
Deutsch,Moses Aron,1752,1799,BHR1
Deutsch,Salomon,1816,,BHR1
Deutschmann,Joachim,1760,1837,BHR1
Deutz,Menachem-Manlin,1764,1842,BHR1
Dispeck,David,1715,1793,BHR1
Dispecker,Benjamin,1800,1828,BHR1
Dispecker,Hayum Moses,,1832,BHR1
Dispecker,Simon,1766,1847,BHR1
Donath,Leopold,1842,1876,BHR1
Dörnberger,Jakob,,1800,BHR1
Drach,Sanwel,,1795,BHR1
Dreifus,Wolf,1782,1860,BHR1
Dreifuss,Moses,1806,1879,BHR1
Dreifuss,Salomon,,1849,BHR1
Dreyfuss,Abraham Samuel,1763,1825,BHR1
Dreyfuss,Emanuel,1805,1886,BHR1
Dürkheim,Abraham-Israel,1765,1816,BHR1
Duschak,Hermann,1805,1866,BHR1
Duschak,Moritz,1815,1890,BHR1
Duschner,Josef. ,,,BHR1
Dux,Moritz. ,,,BHR1
Eckmann,Julius,1805,1874,BHR1
Eckstein,Aron. ,,,BHR1
Eger,Akiba,1761,1837,BHR1
Eger,Akiba,,1823,BHR1
Eger,Joseph,,1854,BHR1
Eger,Löb (hebr. Juda-L.),,1814,BHR1
Eger,Moses,,1857,BHR1
Eger,Salomon,1786,1852,BHR1
Eger,Wolf,1744,1795,BHR1
Egerer,Markus,1763,1836,BHR1
Egers,Sabel,1769,1842,BHR1
Ehrentheil,Adolf,1823,1888,BHR1
Ehrlich,Adolf,1837,1913,BHR1
Ehrlich,Kaufmann,,1888,BHR1
Ehrlich,Nathan,1807,1872,BHR1
Ehrmann,Daniel,1816,1882,BHR1
Eibeschütz,Nathan-Neta,,1789,BHR1
Eidlitz,Abraham-Moses-Serach,1725,1786,BHR1
Einhorn,David,1809,1879,BHR1
Eisenstadt,Abraham Zwi,,1868,BHR1
Eisler,Leopold,1825,1909,BHR1
Eisner,Isak,,,BHR1
Eisner,Jakob,1817,,BHR1
Elbogen,Isak,1812,1883,BHR1
Elbogen,Josef. ,,,BHR1
Elchanan b. Zwi,,,1800,BHR1
Elias,Salomon,1795,1860,BHR1
Eliason,Valentin Scheyer,1773,,BHR1
Elieser Hakohen. ,,,,BHR1
Elieser Lippmann Moses b. Salomon,,,1787,BHR1
Elkan,Möschel,1739,1822,BHR1
Elkanus,Jakob,,,BHR1
Eller,Moritz Meyer,1801,1848,BHR1
Ellinger,Leo,1772,1847,BHR1
Ellinger,Meyer Levi,1736,1828,BHR1
Ellinger,Nathan-Neta,1772,1839,BHR1
Elsass,Ascher,,1802,BHR1
Elsass,Wolf. ,,,BHR1
Elsässer,Alexander Nathan,1731,1816,BHR1
Emden,Heymann Joseph,1754,1848,BHR1
Emden,Hirz (hebr. Naphtali-H.),,1796,BHR1
Emmerich,Hillel,,1805,BHR1
Emrich,David,1724,1799,BHR1
Emrich,Koppel. ,,,BHR1
Emrich,Salman,1713,1794,BHR1
Engelbert,Hermann,1830,1900,BHR1
Engelbert,Moses,1830,1891,BHR1
Enoch,Samuel David,1814,1876,BHR1
Epstein,Elias,1750,1826,BHR1
Epstein,Joseph,1759,1823,BHR1
Epstein,Moses,,,BHR1
Epstein,Pelta Moses,1745,1821,BHR1
Erlangen,Israël,1790,1867,BHR1
Ettinger,Isaak-Joseph,,1865,BHR1
Ettlinger,Aaron Mayer,1769,1849,BHR1
Ettlinger,Jakob,1798,1871,BHR1
Ettlinger,Löb,1803,1883,BHR1
Fabelle,David. ,,,BHR1
Fahrenbach,Abraham,1767,1845,BHR1
Fahrenbach,Henoch Joseph,1810,1872,BHR1
Falk,Jakob Löbel (hebr. Jakob Juda-L.),1760,1838,BHR1
Falk,Josua,,1873,BHR1
Falkenau,Hirsch,1806,,BHR1
Falkenauer,Josua Moses,1774,1829,BHR1
Falkenfeld,Joseph,1736,1801,BHR1
Falkenfeld,Moses Samuel,,1806,BHR1
Falkenheim,Isaak,1826,1902,BHR1
Fanto,Elieser Mendl,,1790,BHR1
Fassel,Hirsch Bär,1802,1883,BHR1
Feder,Josef Leib(hebr. Josef Juda-L.),,1876,BHR1
Feibelmann,Josua,,1806,BHR1
Feibelmann,Simon,1775,1842,BHR1
Feige,Mannes,1800,1877,BHR1
Feilbogen,Benjamin,1824,1914,BHR1
Feilbogen,Jakob Hirsch,1751,1831,BHR1
Feilbogen,Josef,1784,1869,BHR1
Feilbogen,Moses-Samuel,,1886,BHR1
Feilchenfeld,Gabriel Fabian,1827,1910,BHR1
Feilchenfeld,Wolf,1827,1913,BHR1
Fein,Moritz,1820,,BHR1
Feivel,Raphael. ,,,BHR1
Feldblum,Salomon. ,,,BHR1
Fellheim,Jakob,,,BHR1
Felsenheld,Hermann,,,BHR1
Felsenstein,Samson,1805,1882,BHR1
Felsenthal,Bernhard,1822,1908,BHR1
Fernbach,Josef. ,,,BHR1
Fernbach,Lazarus Levin,,1829,BHR1
Fernbach,Löb (hebr. Juda-L.),,1794,BHR1
Fernbach,Löbel. ,,,BHR1
Fernbach,Nathan-Neta. ,,,BHR1
Feuchtwang,Meyer,1814,1888,BHR1
Feuchtwangen,Schemajo-Jischai,,1813,BHR1
Fink,Ruben,,1900,BHR1
Fischels,Löb,1732,1808,BHR1
Fischer,Bernard,1821,1906,BHR1
Fischer,Markus. ,,,BHR1
Fischer,Moses,1757,1833,BHR1
Fischl,Isak. ,,,BHR1
Fischmann,Abraham,,1829,BHR1
Fischmann,Jecheskel-Moses. ,,,BHR1
Flamm,Aron Simon,1834,1865,BHR1
Fleckeles,Eleasar,1754,1826,BHR1
Flegenheimer,Heyum,,,BHR1
Flegenheimer,Simon Lazarus,1723,1793,BHR1
Flehinger,Baruch Hirsch,1809,1890,BHR1
Flehinger,Isak,1736,1818,BHR1
Flehinger,Veit,1769,1854,BHR1
Fleisch,Moses Hirsch,,1862,BHR1
Flesch,Salomon,1750,1832,BHR1
Flussmann,Samuel,,1848,BHR1
Formstecher,Salomon,1808,1889,BHR1
Frank,Abraham,1839,1917,BHR1
Frank,Daniel,1796,1860,BHR1
Frank,Hirsch,,1788,BHR1
Frank,Israel,1804,1871,BHR1
Fränkel,Abraham,,1820,BHR1
Fränkel,Daniel,1821,1890,BHR1
Fränkel,Eisemann,1781,1855,BHR1
Fränkel,Isaak-Seckel,,1815,BHR1
Fränkel,Jacob,1814,1882,BHR1
Fränkel,Joseph,,1799,BHR1
Fränkel,Joseph Jonas,1721,1793,BHR1
Fränkel,Josua. ,,,BHR1
Fränkel,Levi,1765,1815,BHR1
Fränkel,Moses,1739,1812,BHR1
Fränkel,Moses,1747,1817,BHR1
Fränkel,Moses Schalom,,1828-1806,BHR1
Fränkel,Samuel,,1878,BHR1
Fränkel,Seligmann,1762,1841,BHR1
Frankel,Zacharias,1801,1875,BHR1
Frankenstein,Simon,1805,1888,BHR1
Frankfurt,Seligmann,,1789,BHR1
Frankfurter,Feibisch,1762,1841,BHR1
Frankfurter,Josef,1801,1880,BHR1
Frankfurter,Lazar,1830,1874,BHR1
Frankfurter,Menachem-Mendel,1742,1823,BHR1
Frankfurter,Moses Levi,1764,1828,BHR1
Frankfurter,Naphthali,1810,1866,BHR1
Frankl,Joel. ,,,BHR1
Freie,Abraham. ,,,BHR1
Freimann,Israel Meir,1830,1884,BHR1
Frenkel,Meyer,1813,1879,BHR1
Frensdorf,Uri-Feis,,1802,BHR1
Frensdorff,Aron Salman Moses,,1796,BHR1
Frensdorff,Jakob,1792,1861,BHR1
Frensdorff,Michael,,1810,BHR1
Frensdorff,Salman,1803,1880,BHR1
Freund,Abraham. ,,,BHR1
Freund,Jonas. ,,,BHR1
Freund,Löb (hebr. Juda-L.),1768,1855,BHR1
Freund,Markus,1813,,BHR1
Freund,Abraham Moses. ,,,BHR1
Freund,Moses Israel,1743,1813,BHR1
Freund,Samuel,1794,1881,BHR1
Freund,Salomon Wolf,1820,1905,BHR1
Freund,Siegfried,1829,1915,BHR1
Fried,Benjamin-Wolf. ,,,BHR1
Fried,Eleasar,,1819,BHR1
Fried,Meyer,1800,1859,BHR1
Fried,Salomon,,1830,BHR1
Friedberg,Isaak-Eisik. ,,,BHR1
Friedberg,Löb,,1815,BHR1
Friedberg,Löb,1776,1855,BHR1
Friedberg,Moses,1772,1863,BHR1
Friedberg,Salomon Bär,1756,1822,BHR1
Friedburg,Mordechai Gumpa,1732,1804,BHR1
Friedeberg,Salomon,1824,1894,BHR1
Frieden,Moses,1837,1900,BHR1
Friedenthal,Moses,,1832,BHR1
Friedenthal,Scholem. ,,,BHR1
Friedewald,M. ,,,BHR1
Friedheim,Moses,1757,1826,BHR1
Friedlander,Israel. ,,,BHR1
Friedländer,Joseph,1753,1852,BHR1
Friedländer,Markus Hirsch,1838,1919,BHR1
Friedländer,Michael,1833,1910,BHR1
Friedländer,Michel. ,,,BHR1
Friedländer,Salomon,1824,1860,BHR1
Friedmann,Bernhard,1820,1886,BHR1
Friedmann,Gabriel Hirsch,1805,1863,BHR1
Friedmann,L. A. ,,,BHR1
Friedmann,Meir,1831,1908,BHR1
Friedmann,Moses,1786,1848,BHR1
Friedmann,Samson,,1849,BHR1
Friedmann,Samuel,1752,1817,BHR1
Friedmann,Simon,,,BHR1
Friesenhausen,Abraham,,1819,BHR1
Friesenhausen,David,1758,1828,BHR1
Fritsch,Salomon,1784,1855,BHR1
Fröhlich,Wilhelm,1832,1888,BHR1
Fromm,Seligmann,1822,1898,BHR1
Fuchs,Joel. ,,,BHR1
Fuchs,Saul,,1795,BHR1
Fuld,Aron,1790,1847,BHR1
Fulda,Joseph Jacob,1757,1833,BHR1
Fürst,Julius,1826,1899,BHR1
Fürst,Salomon,1799,1870,BHR1
Fürth,Abraham Löw,1762,1832,BHR1
Fürth,Elchanan-Henle,,1802,BHR1
Fürth,Israel-Isserl,1802,1874,BHR1
Fürth,Josef. ,,,BHR1
Fürth,Lazar,1785,,BHR1
Fürth,Markus,1790,1868,BHR1
Fürth,Nesanel,,1786,BHR1
Fürth,Samuel,,1786,BHR1
Fürther,Moses,,1785,BHR1
Gabriel,Löw,1752,,BHR1
Gabrielowitz,Israel,1810,1887,BHR1
Gamaliel b. Gamaliel,,,1830,BHR1
Gans,I. G. ,,,BHR1
Gaon,Nathan. ,,,BHR1
Gebhardt,Julius,1810,1885,BHR1
Gedalia b. Arje-Levin,,,1793,BHR1
Gedalia,Abraham,1752,1827,BHR1
Geiger,Abraham,1810,1874,BHR1
Geismar,David,1800,1887,BHR1
Geldern,Michael von,1736,1824,BHR1
Gensel,Sander. ,,,BHR1
Gerau,Lippmann Herz,1752,1829,BHR1
Gersfeld,Jakob-Joseph,,1814,BHR1
Gersfeld,Liebmann,1808,1876,BHR1
Gersten,Naum. ,,,BHR1
Gläser,Heschel,,1854,BHR1
Glaser,Jakob. ,,,BHR1
Gläser,Leopold. ,,,BHR1
Glogau,Ascher-Lemmel,1705,1789,BHR1
Glogau,Jecheskel,,1821,BHR1
Glogau,Josef,,1814,BHR1
Glogau,Löb,1789,1856,BHR1
Glogau,Maier,1770,1829,BHR1
Glogau,Michl,1740,1818,BHR1
Glogau,Moses,,1834,BHR1
Glück,Jacob Akiba,1838,1904,BHR1
Glück,Löb (hebr. Juda-L.),1740,1809,BHR1
Glückmann,David,,1851,BHR1
Goldberg,Jakob Moses,,1861,BHR1
Goldberg,Menachem. ,,,BHR1
Goldmann,Benedikt,,,BHR1
Goldmann,Eisik Gerson,,1831,BHR1
Goldmann,Isak. ,,,BHR1
Goldmann,Moses-Moritz,1804,,BHR1
Goldmann,Philipp,1808,1894,BHR1
Goldscheider,Salomon,1750,1842,BHR1
Goldscheider,Samuel,1786,,BHR1
Goldschmidt,Abraham Meyer,1812,1889,BHR1
Goldschmidt,Isaak Fischel. ,,,BHR1
Goldschmidt,Israel,1788,,BHR1
Goldschmidt,Löbel(hebr. Juda-L.),1751,1832,BHR1
Goldschmidt,Pessach,5559-1798,1874,BHR1
Goldschmidt,Salomon,1817,1897,BHR1
Goldschmidt,Salomon,1837,1927,BHR1
Goldschmidt,Wolf,,1831,BHR1
Goldschmied,Esriel-Israel,,1858,BHR1
Goldstaub,Elieser-Lipmann,,1881,BHR1
Goldstein,Moritz,1821,1853,BHR1
Gosen,Moses,1780,1862,BHR1
Gottheil,Gustav,1827,1903,BHR1
Gottheimer,J. ,,,BHR1
Gotthelf,Nochem Jakob,,1852,BHR1
Göttingen,Hirsch (hebr. Naftali-H.),1743,1837,BHR1
Gottlieb-Joez b. Mosche,,1815,1873,BHR1
Gottstein,Marcus,1821,1887,BHR1
Goudechaux,Seligmann,1770,1849,BHR1
Gradenwitz,Menachem-Mendel,,1792,BHR1
Gradenwitz,Raphael. ,,,BHR1
Gräditz,Jakob,,1822,BHR1
Graf,Salomon. ,,,BHR1
Greiff,Joseph-Jaßmann,1748,1827,BHR1
Greiffenhagen,Gerson. ,,,BHR1
Greiffenhagen,Moses J. ,,,BHR1
Greilsheimer,Joel Nathan. ,,,BHR1
Grieger,Aron,1819,,BHR1
Gross,Heinrich,1835,1910,BHR1
Gross,M. ,,,BHR1
Grossmann,Ignaz,1825,1897,BHR1
Grossmann,N. ,,,BHR1
Grün,Aron Jakob Halevi. ,,,BHR1
Grünbaum,Aron Bär,1812,1893,BHR1
Grünebaum,Elias,1807,1893,BHR1
Grünfeld,Abraham,1800,1877,BHR1
Grünhut,Thomas. ,,,BHR1
Grünwald,Jakob. ,,,BHR1
Grünwald,Seligmann,1800,1856,BHR1
Güdemann,Moritz,1835,1918,BHR1
Gugenheimer,Aaron,1793,1872,BHR1
Gugenheimer,Joseph,,1828-1831,BHR1
Guggenheimer,Joseph,1831,1896,BHR1
Güldenstein,Michael,1814,1861,BHR1
Gumpertz,Abraham,,1785,BHR1
Gundelfinger,Naftali. ,,,BHR1
Gundersheim,Hayum,,1795,BHR1
Gundersheim,Senior Süßkind Löb,1730,1802,BHR1
Günsberg,Raphael Seew. ,,,BHR1
Günsburger,David. ,,,BHR1
Günsburger,Joseph-Josle,1757,1842,BHR1
Günzburg,Aaron,1808,1868,BHR1
Günzburg,David,,1841,BHR1
Günzburg,Jakob,1743,1815,BHR1
Gunzenhausen,Isak. ,,,BHR1
Gunzenhausen,Isak Hirsch,,1881,BHR1
Gunzenhauser,Samson,1830,1893,BHR1
Gutheim,Jakob-Koppel,1817,1886,BHR1
Gutmann,Moses,1805,1862,BHR1
Guttmacher,Elias,1796,1874,BHR1
Guttmacher,Hirsch (hebr. Zwi-H.),1818,1870,BHR1
Gutwirth. ,,,,BHR1
Haas,David Hirsch,1834,1878,BHR1
Haas,Ephraim,1800,1834,BHR1
Haas,Moses,1811,1887,BHR1
Haas,Salomon,,1847,BHR1
Hahn,Adolf,1844,,BHR1
Hahn,Abraham-Joseph,,1803,BHR1
Hahn,Löbesch,,1847,BHR1
Hahn,Salomon,1828,1898,BHR1
Hahn,Samuel,1836,1917,BHR1
Hainsfurth,Simon,,,BHR1
Hajum,Koppel,,1816,BHR1
Halberstädter,Juda-Löb,1777,1831,BHR1
Haller,Jacob,1812,1890,BHR1
Haller,Markus Meier,,,BHR1
Hamburg,Lase,1780,1821,BHR1
Hamburger,Hermann,1810,1870,BHR1
Hamburger,Jacob,1826,1911,BHR1
Hamburger,Jakob. ,,,BHR1
Hamburger,Wolf,1770,1850,BHR1
Handl,Hermann,1839,1925,BHR1
Handl,Isak Tonelis,1807,1887,BHR1
Hanover,David,1835,1901,BHR1
Hanover,Joseph,,1845,BHR1
Harburger,Jehuda,1809,,BHR1
Hartmann,Daniel. ,,,BHR1
Hartmann,Salomon. ,,,BHR1
Hatzfeld,Moses Löb,1735,1810,BHR1
Hauser,Pinkas. ,,,BHR1
Hechheimer,Moses,1755,1835,BHR1
Heckscher,Julius Wolf,1836,1883,BHR1
Heidegger,Isaias,1797,1867,BHR1
Heidenheim,Philipp,1814,1906,BHR1
Heilbronn,Isaak,1752,1822,BHR1
Heilbronn,Isak,1828,1909,BHR1
Heilbronn,Joel,1750,,BHR1
Heilbut,Arnold-Aaron,1816,1860,BHR1
Heilbuth,Ephraim Moses,,1789,BHR1
Heilbuth,Moses,,1783,BHR1
Heimerdinger,Marx. ,,,BHR1
Hein,David,,1886,BHR1
Heinemann,Carl,1802,1868,BHR1
Heins,Löwy. ,,,BHR1
Heldenstein,Isak. ,,,BHR1
Heldenstein,S. ,,,BHR1
Heller,Abraham,,1794,BHR1
Henlein,Juda Manasse,1812,,BHR1
Henschel,Arjeh-Löbusch,1806,1837,BHR1
Herrisch,David,1821,1895,BHR1
Herschel,Saul,1799,1832,BHR1
Herschell,Salomon,1761,1842,BHR1
Herxheimer,Salomon,1801,1884,BHR1
Herz,Isai,,1798,BHR1
Herz,Israel. ,,,BHR1
Herz,Max,1815,1904,BHR1
Herzberg,Mentheim. ,,,BHR1
Herzfeld,Salomo Dov-Berusch,1710,1784,BHR1
Herzfeld,Hartwig,1781,1846,BHR1
Herzfeld,Israel. ,,,BHR1
Herzfeld,Josua,1758,1846,BHR1
Herzfeld,Levi,1810,1884,BHR1
Herzfeld,Moses,,1796,BHR1
Herzfeld,Salomon,,1813,BHR1
Herzfeld,Samuel,,1857,BHR1
Herzthal,Salomon,,1841,BHR1
Hess,Isaak,1762,1827,BHR1
Hess,Josef-Moses,,1793,BHR1
Hess,Löb Mayer,1748,1826,BHR1
Hess,Meier,,1846,BHR1
Hess,Mendel,1807,1871,BHR1
Hessel,Ezechiel,1754,1824,BHR1
Heymann,Lewin,1747,1810,BHR1
Heymann,S. ,,,BHR1
Hilb,Maier,1807,1880,BHR1
Hildesheimer,Esriel,1820,1899,BHR1
Hildesheimer,Mordechai Moses Gumpel,,1823,BHR1
Hiller,Hirsch,1747,1817,BHR1
Hiller,Mayer Lämlein. ,,,BHR1
Hindeles,Abraham,1788,,BHR1
Hirsch,Abraham,,,BHR1
Hirsch,Heimann,1800,,BHR1
Hirsch,Jakob,,,BHR1
Hirsch,Joseph,,1850,BHR1
Hirsch,Josef Pinchas,,1829,BHR1
Hirsch,Lazarus,1815,,BHR1
Hirsch,Levi. ,,,BHR1
Hirsch,Mayer Samuel,1812,1860,BHR1
Hirsch,Moses,,1804,BHR1
Hirsch,Moses,1771,1825,BHR1
Hirsch,Pinkus. ,,,BHR1
Hirsch,Samson Raphael,1808,1888,BHR1
Hirsch,Samuel,1815,1889,BHR1
Hirschfeld,Aron,1820,1885,BHR1
Hirschfeld,Hirsch,1811,1884,BHR1
Hirschfeld,Jakob Heinrich,1819,1902,BHR1
Hirschfeld,Moritz,1823,1913,BHR1
Hirschler,Samuel. ,,,BHR1
Hirschstein,Hirsch. ,,,BHR1
Hochheimer,Heinrich,1818,1912,BHR1
Höchheimer,Isaak,1790,1861,BHR1
Höchstätter,Benjamin,1811,1888,BHR1
Hoff,Emil,,1897,BHR1
Hoffmann,Moses David,1824,1889,BHR1
Hofmann,Joseph,1806,1845,BHR1
Holdheim,Samuel,1806,1860,BHR1
Hollander,Jakob,1844,1880,BHR1
Hollander,Jesaja,1806,1872,BHR1
Holleschauer,Joseph David,1785,1860,BHR1
Holzmann,Nathan,,1884,BHR1
Hönig,Enoch. ,,,BHR1
Horochow,David-Tewle,,1792,BHR1
Horochow,Secharja-Mendel,,1809,BHR1
Horochow,Moses. ,,,BHR1
Horochow,Secharja-Mendel,,1867,BHR1
Horowitz,Jakob,1837,1907,BHR1
Horwitz,David Höschel,,1825,BHR1
Horwitz,Hirsch (hebr. Zwi-H.),1754,1817,BHR1
Horwitz,Jakob Halevi. ,,,BHR1
Horwitz,Lasar,1804,1868,BHR1
Horwitz,Pinchas,1731,1805,BHR1
Horwitz,Salomon-Schalom,,1866,BHR1
Horwitz,Zwi Josua,1735,1816,BHR1
Hübsch,Adolf,1830,1884,BHR1
Hulisch,Marcus. ,,,BHR1
Hurwitz,Jakob Meschullam Veit,,1820,BHR1
Hurwitz,Leiser,,1814,BHR1
Ickstädter,Samuel,1806,1863,BHR1
Idlinger,Samuel. ,,,BHR1
Illowy,Bernhard,1814,1871,BHR1
Illowy,Jakob,,1781,BHR1
Insbruck,Juda,,1794,BHR1
Isaacsohn,Josef,1811,1885,BHR1
Isaak b. Gerson,,,1816,BHR1
Isaak b. Josef. ,,,,BHR1
Isaak,Joachem-Chaim. ,,,BHR1
Iserls,Abraham Hirsch (hebr. Abraham Zwi-H.),,1833,BHR1
Israel Moses b. Arje-Löb,,,1814,BHR1
Israel,Benjamin,1819,1876,BHR1
Israeli,J. ,,,BHR1
Istl,Elia Zwi,,1788,BHR1
Jacob,Heinemann. ,,,BHR1
Jacobi,Hosea,1842,1925,BHR1
Jacobsohn,Jakob Hirsch,1810,1885,BHR1
Jacobsohn,Joseph,,1864,BHR1
Jacobson,Israel,1768,1828,BHR1
Jacoby,David,,1858,BHR1
Jadesohn,Samuel,,1858,BHR1
Jaffé,Beer Aron,1800,1851,BHR1
Jaffé,Esaias. ,,,BHR1
Jaffé,Heimann,1826,1883,BHR1
Jaffé,Hirsch,1818,1898,BHR1
Jaffé,Jakob. ,,,BHR1
Jaffé,Jakob Moses,1739,1823,BHR1
Jaffé,Mordechai Michael,1803,1868,BHR1
Jakob Uri-Schraga-Feiwel,,,1783,BHR1
Jakob,Moses,,1824,BHR1
Janow,Josef Hirsch(hebr. Zwi-H.),1733,1785,BHR1
Jaraczewski,Mayer,,,BHR1
Jaraczewsky,Adolph,1829,1911,BHR1
Jaroslaw,Josef. ,,,BHR1
Jaskulski,Baruch. ,,,BHR1
Jastrow,Markus,1829,1903,BHR1
Jechiel b. Pesach. ,,,,BHR1
Jeitteles,Benedikt,1762,1813,BHR1
Jellinek,Adolf,1821,1893,BHR1
Jerusalem,Nathan,,1793,BHR1
Joël,David,1815,1882,BHR1
Joël,Ephraim Fischel,1795,1851,BHR1
Joël,Hermann,,1881,BHR1
Joël,Heymann,1792,1845,BHR1
Joël,Julius,1828,,BHR1
Joël,Koppel. ,,,BHR1
Joel,Meyer,,,BHR1
Joelsohn,Jecheskel,1788,1885,BHR1
Jolowicz,Heymann,1816,1875,BHR1
Jonas,H.,,,BHR1
Jonas,Löw,1750,,BHR1
Jonathan b. Isaak Halevi,,,1824-1824,BHR1
Josaphat,Gerson,1808,1883,BHR1
Josaphat,Samuel,1768,1829,BHR1
Jóseffy,Wilhelm,1825,1910,BHR1
Joseph,Israel. ,,,BHR1
Joseph,Sender. ,,,BHR1
Josua,Behrend,1747,1802,BHR1
Josua,Levi (hebr. Arje-Leibusch b. Jakob-Josua),1715,1789,BHR1
Juda b. Simcha,,,1852,BHR1
Juda Löb Halevi,,,1819,BHR1
Juda-Löbele b. Zwi-Hirsch,,,1852,BHR1
Juda,Josua,1754,1806,BHR1
Juspa b. Daniel,,,1792,BHR1
Kafka,Angelus,1791,1870,BHR1
Kahn,Isaak,1710,1797,BHR1
Kahn,Israel-Isser,1749,1827,BHR1
Kahn,Joseph,1809,1875,BHR1
Kahn,Ludwig,1845,1914,BHR1
Kahn,Wolf David,1747,1815,BHR1
Kalb,Löb Moses. ,,,BHR1
Kali,Mordechai J.,1764,1831,BHR1
Kalir,Eleasar,1738,1801,BHR1
Kalisch,Eisig,,1783,BHR1
Kalisch,Isidor,1817,1886,BHR1
Kalisch,Wulff Marcus,,,BHR1
Kalischer,Abraham Moses,,1812,BHR1
Kalischer,Akiba,,1857,BHR1
Kalischer,Elias. ,,,BHR1
Kalischer,Hirsch (hebr. Zwi-H.),1795,1874,BHR1
Kalischer,Löb (hebr. Juda-L.),,1822,BHR1
Kalkar,Simeon,1754-1756,1812,BHR1
Kallmann,Löw,,1825,BHR1
Kallmann,Max Bär,1795,1886,BHR1
Kalonymos-Kalman b. Jesaja. ,,,,BHR1
Kann,Hirz (hebr. Naphtali-H.),1771,1836,BHR1
Kanstadt,Hirsch,1770,1823,BHR1
Kanstadt,Moses,1744,1811,BHR1
Karfunkel,Aron,1762,1816,BHR1
Karfunkel,L. ,,,BHR1
Kargau,Mendel,1772,1842,BHR1
Karpeles,Abraham,1830,1895,BHR1
Karpeles,Elias,1822,1889,BHR1
Karpeles,Jakob,1806,1843,BHR1
Karpeles,Lazar,1754,1832,BHR1
Karpeles,Lazar,,1845,BHR1
Karpeles,Mordechai,,,BHR1
Karpeles,Moses Hakohen gen. Präger,1765,1837,BHR1
Kassowitz,Löb (hebr. Juda-L.),,1782,BHR1
Kastel,Mendele. ,,,BHR1
Kastellan,Jakob,,1877,BHR1
Katz,Baruch Juda-Löb,,1824,BHR1
Katz,Isaak,,1844,BHR1
Katz,Jekutiel-Kaufmann,1743,1818,BHR1
Katz,Juda-Judel,,1788,BHR1
Katz,Löb (hebr. Arjeh-L.),,1821,BHR1
Katz,Moses. ,,,BHR1
Katz,Salomon,1770,,BHR1
Katzenellenbogen,Benjamin. ,,,BHR1
Katzenellenbogen,Hirsch (hebr. Naftali-H. ben Elieser),1749,1823,BHR1
Katzenellenbogen,Hirsch (hebr. Naftali-H. ben Moses),1715,1800,BHR1
Katzenellenbogen,Jakob,,1795,BHR1
Katzenellenbogen,Pinkas,1767,1845,BHR1
Katzenellenbogen,Pinkus Samuel,,1828,BHR1
Katzenellenbogen,Saul,1740,1810,BHR1
Katzenstein,Joseph. ,,,BHR1
Kauder,Abraham Beer. ,,,BHR1
Kauder,Moses Ephraim,,1849,BHR1
Kauder,Samuel Löw,1766,1838,BHR1
Kaufmann,J. ,,,BHR1
Kaufmann,Jakob,1783,1853,BHR1
Kaufmann,S. ,,,BHR1
Kayserling,Moritz Meyer,1829,1905,BHR1
Kellermann,H. ,,,BHR1
Kempner,Löb (hebr. Arje-L.),,1797-1797,BHR1
Kempner,Mordechai,1787,1831,BHR1
Kips,Löb,1756,1835,BHR1
Kirschbaum,E. ,,,BHR1
Kitsee,Aron. ,,,BHR1
Klausner,Hirsch (hebr. Zwi-H.),1802,1887,BHR1
Klausner,Wolf,1761,1861,BHR1
Kleeberg,Levi,1832,1906,BHR1
Klein,David,,,BHR1
Klein,Elchanan,,1885,BHR1
Klein,Jakob,,1810,BHR1
Klein,Joseph,1807,1873,BHR1
Klein,Salomon,1833,1900,BHR1
Kleineibst,Markus,,,BHR1
Kleiser,Jakob,,1797,BHR1
Klemperer,Guttmann,1815,1884,BHR1
Klemperer,Wilhelm,1839,1912,BHR1
Klineberger,Josef,1802,,BHR1
Kluger,Isaak-Eisig. ,,,BHR1
Knedl,Jakob. ,,,BHR1
Knöpfmacher,Josef,1815,1905,BHR1
Kobak,Josef Israel (auch Josef Isaak K.),1832,1913,BHR1
Kobler,Jakob. ,,,BHR1
Kochmann,Itzig. ,,,BHR1
Kohler,Kaufmann,1843,1926,BHR1
Kohlmeyer,Hermann,1813,,BHR1
Kohn,Abraham,1807,,BHR1
Kohn,Abraham,,1905,BHR1
Kohn,Albert,1811,1870,BHR1
Kohn,Aron,,,BHR1
Kohn,Daniel. ,,,BHR1
Kohn,David. ,,,BHR1
Kohn,Falk. ,,,BHR1
Kohn,Gabriel,1783,1864,BHR1
Kohn,Haium. ,,,BHR1
Kohn,Isak,1806,1855,BHR1
Kohn,Jakob,,,BHR1
Kohn,Jonas,,1898,BHR1
Kohn,Josef,,1859,BHR1
Kohn,Josef Samuel,,1850,BHR1
Kohn,Leopold. ,,,BHR1
Kohn,Löwy. ,,,BHR1
Kohn,Marx Michael,,1888,BHR1
Kohn,Mendel,1774,1829,BHR1
Kohn,Meschullam,1739,1819,BHR1
Kohn,Michael Lazar,1811,1893,BHR1
Kohn,Michael Löbl. ,,,BHR1
Kohn,Moses,,1788,BHR1
Kohn,Moses Löb,,1890,BHR1
Kohn,Salomon,,1824,BHR1
Kohn,Samuel,,,BHR1
Kohn,Samuel,,1811,BHR1
Kohn,Simon. ,,,BHR1
Kohner,I. H. ,,,BHR1
Kohner,Philipp,1765,1834,BHR1
Kolin,Samuel,1724,1806,BHR1
Kollek,Abraham. ,,,BHR1
Königshöfer,Moses Jonas,1844,1894,BHR1
Königsthal,Jakob. ,,,BHR1
Korczyner,Moses,,1830,BHR1
Kornblüh,Samuel. ,,,BHR1
Kornfeld,Aron,1795,1881,BHR1
Kornfeld,Moritz,1816,,BHR1
Kornitzer,J. L. ,,,BHR1
Korpulus,Aron,,1836,BHR1
Kösslin,Baruch,,1810,BHR1
Kožíček,Emanuel. ,,,BHR1
Krailsheimer,Gabriel,,1842,BHR1
Krakauer,Abraham Halevi. ,,,BHR1
Kralowsky,Abraham,,1843,BHR1
Krimke,Isaak Jakob,1824,1886,BHR1
Kristeller,Samuel,,1831,BHR1
Kron,Jakob,,1794,BHR1
Kron,Schemaja,,1825,BHR1
Kronach,Abraham,,5573-1812,BHR1
Kroner,Aron,1828,,BHR1
Kroner,Chaim. ,,,BHR1
Kroniker,Moses,,,BHR1
Kronstadt,Jakob-Benjamin,,1791,BHR1
Krotoschin,Herz. ,,,BHR1
Krüger,Markus Salomon,1811,,BHR1
Kuhn,Hirsch Benjamin. ,,,BHR1
Kulb,David,1767,1842,BHR1
Kulke,Simson,1809,1894,BHR1
Kunreuther,Bär (heb. Issaschar-B.),1797,,BHR1
Kunreuther,Hirsch (hebr. Naftali-H.),1771,1847,BHR1
Kunreuther,Ignatz,1811,1884,BHR1
Kunreuther,Jekutiel,1815,1865,BHR1
Kutna,Aron. ,,,BHR1
Kutner,Josua-Höschel,,1878,BHR1
Kuttenplan,Josef,1763,1813,BHR1
Kuttner,Nathan Hirsch,1816,1891,BHR1
Labaszynski,Joseph,,1894,BHR1
Labiszynski,Aron,,1850,BHR1
Lahnstein,Israel,,1796,BHR1
Lamberg,Ascher,1790,1876,BHR1
Lamberg,Max,1820,1890,BHR1
Lammfromm,Jakob M.,,1821,BHR1
Lämmle,Maier,,1804,BHR1
Landau,Ascher,,1843-1843,BHR1
Landau,David,,1818,BHR1
Landau,Ezechiel,1713,1793,BHR1
Landau,Israel-Jona,,1824,BHR1
Landau,Joseph-Samuel,1799,1836,BHR1
Landau,Menachem-Mendel,,1909,BHR1
Landau,Samuel,1751,1834,BHR1
Landau,Wolf,1811,1886,BHR1
Landauer,Gabriel Josua,1812,1890,BHR1
Landauer,Joseph,1804,1853,BHR1
Landauer,Meyer Hirsch,1808,1841,BHR1
Lande,Jakob,,1787,BHR1
Lando,Moses,1761,1828,BHR1
Landsberg,Elias,1800,1879,BHR1
Landsberg,Joseph,1750,1825,BHR1
Landsberg,Lewin,1799,1876,BHR1
Landsberg,Louis,1825,1904,BHR1
Landsberg,Max,1845,1927,BHR1
Landsberg,Max,1826,1901,BHR1
Landsberg,Mayer,1810,1870,BHR1
Landsberg,Moritz,1824,1882,BHR1
Landsberg,Moses Elkan,1776,1844,BHR1
Landsberger,Israel. ,,,BHR1
Landsberger,Julius,1819,1890,BHR1
Landsberger,Julius,1822,,BHR1
Landsberger,Mayer. ,,,BHR1
Landsberger,Michael,1804,1870,BHR1
Landsberger,Moses. ,,,BHR1
Landsberger,Moses. ,,,BHR1
Landsberger,Schmaja,1744,1824,BHR1
Lange,Isaak Michael,,1880,BHR1
Langenfelder,Jakob. ,,,BHR1
Laseron,Wolf,1784,1828,BHR1
Lasker,Jakob-Abraham,,1810,BHR1
Lasker,Raphael,1838,1904,BHR1
Latzar,Lasar,1822,1869,BHR1
Lazar,Jakob. ,,,BHR1
Lazarus,Aron Löb,,1874,BHR1
Lazarus,Leiser,1822,1879,BHR1
Lazarus,Marx,1739,1813,BHR1
Lebrecht,Meyer,,1894,BHR1
Lebrecht,Moses Meier,1810,1897,BHR1
Lehmann,David,1824,1852,BHR1
Lehmann,Josef B.,,,BHR1
Lehmann,Leopold,1800,1880,BHR1
Lehmann,Markus,1831,1890,BHR1
Leipen,Josef,,1800,BHR1
Lemberger,Jechiel,1727,1797,BHR1
Lemberger,Löb (hebr. Juda-Arjeh-L.),,1792,BHR1
Lemberger,Moses,1715,1788,BHR1
Lengsfelder,Abraham Meyer,,1820,BHR1
Lengsfelder,Salomon,1810,1894,BHR1
Lerner,Josef,,1836,BHR1
Leschinski,Mordechai Joseph Halevi,1808,1885,BHR1
Leschinski,Samuel. ,,,BHR1
Lesser,Hirsch (hebr. Zwi-H.),1814,1862,BHR1
Lesser,W. ,,,BHR1
Levi b. Salomon,,1793,1878,BHR1
Levi,Aron Moses,,1799,BHR1
Levi,Baruch,,,BHR1
Levi,Benedikt,1806,1899,BHR1
Levi,David,,1824,BHR1
Levi,Elias,,1814,BHR1
Levi,Gerson,1765,1839,BHR1
Levi,Maier,1767,1849,BHR1
Levi,Marcus Valentin,1740,1803,BHR1
Levi,Mordechai,,1796,BHR1
Levi,Moses,,,BHR1
Levi,S. ,,,BHR1
Levi,Salman,1748,1825,BHR1
Levi,Samuel,1751,1813,BHR1
Levi,Samuel,,1821,BHR1
Levi,Samuel Hirsch. ,,,BHR1
Levian,Mathias,1781,1862,BHR1
Levin,Abraham Moses. ,,,BHR1
Levin,Philipp,1811,,BHR1
Levit,Meir Löb,,,BHR1
Levit,Tobias,,1823,BHR1
Levita,Israel Bär,1753,1831,BHR1
Levitoch,Simon. ,,,BHR1
Levy,Feibusch,,1834,BHR1
Levy,Isaak,,1858,BHR1
Levy,Jakob,1819,1892,BHR1
Levy,Löbel. ,,,BHR1
Levy,Marx,,1804,BHR1
Levy,Moses,1804,1861,BHR1
Levy,Raphael Moses,,1858,BHR1
Levy,Simon,1778,1857,BHR1
Lewi,Levin b. Joseph. ,,,BHR1
Lewin,Adolf,1843,1910,BHR1
Lewin,Gabriel Hirsch. ,,,BHR1
Lewin,Hirschel,1721,1800,BHR1
Lewin,Marcus. ,,,BHR1
Lewin,Moritz,1843,1914,BHR1
Lewin,S. ,,,BHR1
Lewin,Salomon. ,,,BHR1
Lewy,Joachim Löbel,1779,1853,BHR1
Lewysohn,Abraham,1805,1860,BHR1
Lewysohn,Ludwig,1819,1901,BHR1
Liberles,Moses Elieser,1824,1872,BHR1
Lichtenstadt,Abraham Salomon. ,,,BHR1
Lichtenstadt,Simon,1796,1868,BHR1
Lichtenstadt,Wolf(hebr. Benjamin-Zeev b. Juda),1755,1827,BHR1
Lichtenstein,Ascher-Anschel,1808,1884,BHR1
Lichtenstein,Bär(hebr. Issaschar-B.),,,BHR1
Lichtenstein,Moses Michael,,1870,BHR1
Lichtschein,Ludwig,,1886,BHR1
Lieber,Nathan Wolf,1805,1880,BHR1
Lieberles,Josef,,1780,BHR1
Lilg,Mendel,,1790,BHR1
Lilienthal,Max,1815,1882,BHR1
Lindemann,Jakob,,1852,BHR1
Lindermann,Simon,1827,,BHR1
Lindmann,Liebmann,1808,1877,BHR1
Lipchowitz,Juda. ,,,BHR1
Lippmann,Abraham Jomtov,,1843,BHR1
Lippmann,Moses Elieser,,1810,BHR1
Lippmann,Gabriel,1807,1864,BHR1
Lipschitz,Hermann,1832,,BHR1
Lipschitz,Salman,1765,1839,BHR1
Lipschütz,Baruch-Isaak Dr.,1812,1877,BHR1
Lipschütz,Gedalja,1746,1826,BHR1
Lipschütz,Israel,,1782,BHR1
Lipschütz,Israel,1782,1860,BHR1
Lipschütz,Oskar,1847,1919,BHR1
Lipschütz,Salomon,,1808,BHR1
Lipschütz,Salomon,,1795,BHR1
Lissa,Israel-Isserl,,1829,BHR1
Lissa,Juda,,1796,BHR1
Lisser,Aron Hirsch,1768,1828,BHR1
Lisser,Magnus-Mannes Löbel,,1854,BHR1
Lissner,Meyer,1778,,BHR1
Littauer,Jakob,,1866-1866,BHR1
Löb,Heinrich,1805,1890,BHR1
Löb,Joachim. ,,,BHR1
Löb,Lazarus,1835,1892,BHR1
Lochi,Jakob,,,BHR1
Lonnerstadt,Leser,,1802,BHR1
Lonnerstadt,Scholem Abraham Kohen,,1781-1782,BHR1
Lorbeerbaum,Jakob,1740,1832,BHR1
Lösser,Heymann,,,BHR1
Loevi,Loser,1752,1826,BHR1
Löw,Ascher,1754,1837,BHR1
Löw,Eleasar,1758,1837,BHR1
Löw,Leopold,1811,1875,BHR1
Löw,Michael. ,,,BHR1
Löw,Wolf,1773,1851,BHR1
Löwe,Moritz,1815,,BHR1
Löwe,Simon. ,,,BHR1
Löwenberg,Eleasar,1804,1874,BHR1
Löwenfeld,Jakob. ,,,BHR1
Löwengard,Maier Hirsch,1813,1886,BHR1
Löwenmayer,Maier,1813,1895,BHR1
Löwenmayer,Maier,1827,1893,BHR1
Löwenstamm,Abraham Heymann,1775,1839,BHR1
Löwenstamm,Jakob-Moses,1747,1815,BHR1
Löwenstamm,Joachim,,1835,BHR1
Löwenstamm,Menachem-Mendel,,1868,BHR1
Löwenstein,Bernhard,1821,1889,BHR1
Löwenstein,Jakob-Koppel,1799,1869,BHR1
Löwenthal,J. G. ,,,BHR1
Löwenthal,Nehemias,1775,1853,BHR1
Löwi,Isaak,1803,1873,BHR1
Löwi,Isaias,1742,1831,BHR1
Löwit,David Bär,1770,1849,BHR1
Löwit,Jakob. ,,,BHR1
Löwy,Abraham,,1835,BHR1
Löwy,Albert,1816,1908,BHR1
Löwy,David,1805,1866,BHR1
Löwy,David,1821,1902,BHR1
Löwy,Elias. ,,,BHR1
Löwy,Jakob Ezechiel,1814,1864,BHR1
Löwy,Samuel. ,,,BHR1
Luntenschütz,Abraham Isaak,,1818,BHR1
Maass,Nathan,1720,1794,BHR1
Machol,Michael,1844,,BHR1
Mack,Benedikt,1760,1834,BHR1
Maggid,Itzig Leb,,1789,BHR1
Mahler,Jakob,1793,1867,BHR1
Mahram,Meir,,,BHR1
Maier,Joseph ,1797,1873,BHR1
Mainz,Moses Löb,1805,1886,BHR1
Mainzer,Maier,1798,1861,BHR1
Malbim,Meyer Löbusch,1809,1879,BHR1
Man,Menachem,,1847,BHR1
Mandl,Bernhard,1819,1895,BHR1
Mandl,Moses. ,,,BHR1
Manheimer,Juda,,1832,BHR1
Mannheimer,Isaak,,1788,BHR1
Mannheimer,Isak Aronsohn,1750,1838,BHR1
Marburg,Moses-Masus,1765,1809,BHR1
Marcus,Abraham. ,,,BHR1
Marcus,Joachem. ,,,BHR1
Marcus,Samson,,1800,BHR1
Margulies,Löb (hebr. Juda-L.),1747,1811,BHR1
Margulies,Mordechai. ,,,BHR1
Markheim,Meyer Joseph,,,BHR1
Markscheinfeld,Moses,,1804,BHR1
Marktbreiter,Simon Hirsch,,1846,BHR1
Markuse,Markus. ,,,BHR1
Martschak,Schija. ,,,BHR1
Marx,Jakob Aron,1767,1837,BHR1
Marx,David,1808,1864,BHR1
Marx,Samuel,1772,1827,BHR1
Marx,Samuel,1817,1887,BHR1
Mautner,Rafael Gabriel. ,,,BHR1
May,Gerson Seckel,,1795,BHR1
Mayer,Abraham,1767,1837,BHR1
Mayer,Aron,1736,1815,BHR1
Mayer,Philipp Joseph. ,,,BHR1
Mayer,Mayer Jacob,1790,,BHR1
Mayer,Moritz,1821,1867,BHR1
Mayer,Samuel,1757,1821,BHR1
Mayer,Samuel,1807,1875,BHR1
Mayländer,Moses Abraham,1760,1838,BHR1
Mehler,Ephraim Gumprich,1740,1808,BHR1
Meier,Hirsch,,1836,BHR1
Meir b. Jakob. ,,,,BHR1
Meisel,Moses. ,,,BHR1
Meisel,Wolf Aloys,1815,1867,BHR1
Meister,Heinemann-Joachim,1747,1825,BHR1
Meklenburg,Jakob Hirsch(hebr. Jakob Zwi-H.),1785,1865,BHR1
Meldola,Abraham,1754,1826,BHR1
Melis,Löb,1739,1819,BHR1
Melis,Markus,1811,,BHR1
Menachem,Aron. ,,,BHR1
Mendel,Abraham. ,,,BHR1
Mendel,Itzig,,,BHR1
Mendelssohn,Joachim,1791,1884,BHR1
Mendelssohn,Moses,,1839,BHR1
Mendelssohn,Samuel,1794,1866,BHR1
Mengburg,Joseph,1758,1824,BHR1
Mengeburg,Callmann,1753,1833,BHR1
Merz,Aaron,1795,1864,BHR1
Merzbach,Jakob,,1791,BHR1
Merzbacher,Leo,1809,1856,BHR1
Messing,Ahron Jonathan,1840,1916,BHR1
Messing,Joseph,1812,1880,BHR1
Messing,Mayer,1843,1930,BHR1
Metz,Anschel (hebr. Ascher),,,BHR1
Metz,Eisik,1772,1852,BHR1
Metz,Gedalia,1757,1846,BHR1
Metz,Gottlieb,1778,1842,BHR1
Metz,Jekutiel-Kofmann,,1785,BHR1
Metz,Joseph,,1796,BHR1
Meyer,Israel,1845,1898,BHR1
Meyer,Samuel,1819,1882,BHR1
Meyer,Simon,1780,,BHR1
Michael Abraham Gabriel. ,,,,BHR1
Michael b. Zwi,,,1849,BHR1
Michaelis,Samuel,1838,1904,BHR1
Michel,Seligmann,1749,1829,BHR1
Michelson,Abraham-Aberl,,1851,BHR1
Mielziner,Benjamin Leib,1797,1849,BHR1
Mielziner,Moses,1828,1903,BHR1
Mieses,Abraham Isaac,,,BHR1
Mirels,Aron. ,,,BHR1
Mirels,Hirsch,,1814,BHR1
Mirels,Israel Meschullam Salman,1723,1794,BHR1
Mitzker,Moses. ,,,BHR1
Moch,Abraham,1746,1830,BHR1
Moravec,Lazar. ,,,BHR1
Mordechai b. Joseph. ,,,,BHR1
Mordechai-Josef b. Jakob Halevi,,,1804,BHR1
Mordechai Zwi. ,,,,BHR1
Morgenstern,Eisik,,,BHR1
Morgenstern,Moses,1771,,BHR1
Moses b. Mordechai,,,1815,BHR1
Moses Gabriel. ,,,,BHR1
Moses,Jisroel Baruch,,1899,BHR1
Moses,Juda Lewin. ,,,BHR1
Moses,Salomon,,1810,BHR1
Mugdan,David,,1828,BHR1
Mühlrad,Wolf,1806,1862,BHR1
Mühsam,Samuel,1837,1907,BHR1
Müller,Abraham. ,,,BHR1
Müller,Joël,1827,1895,BHR1
Müller,Leopold,,,BHR1
Müller,Moses Löb,,1853,BHR1
Müller,Nathan Aron,,1872,BHR1
Münchenberg,J. ,,,BHR1
Munk,Elias,1818,1899,BHR1
Munk,Jakob,,1855,BHR1
Munk,Joachim,,1835,BHR1
Munk,Meyer,1735,1807,BHR1
Munk,Michel Levin (hebr. Jechiel Arjeh-Löb),,1853,BHR1
Munk,Pinchas Löb,,1831-1834,BHR1
Munk,Sanwil Meyer,,1840,BHR1
Münzer,Juda,,,BHR1
Naftali b. Chaim,,,1832,BHR1
Naftali-Hirsch b. Gabriel-Jakob. ,,,,BHR1
Nagel,Samuel. ,,,BHR1
Nagelstock,Markus. ,,,BHR1
Nager,Abraham,1831,1886,BHR1
Nasch,Isaias. ,,,BHR1
Nascher,Jonathan. ,,,BHR1
Nascher,Moses,1811,1885,BHR1
Naschér,Simon,1842,1901,BHR1
Nathan,Scheye. ,,,BHR1
Nathansohn,Chaim,1814,1878,BHR1
Nathansohn,Schmei. ,,,BHR1
Naumburg,Jakob,,1811,BHR1
Neckarsulmer,Baruch Hirsch. ,,,BHR1
Neckarsulmer,Juda Wolf,1800,1880,BHR1
Netter,Seeligmann Simon,1754,1809,BHR1
Neuburg,Samuel. ,,,BHR1
Neuburger,Gabriel Löb,1808,1888,BHR1
Neuburger,Mendel,1779,1835,BHR1
Neuda,Aaron Moses. ,,,BHR1
Neuda,Abraham,1812,1854,BHR1
Neufeld,Moses-Hirsch,,1791,BHR1
Neufeld,Hendel,1745,1830,BHR1
Neugass,Löb,,1818,BHR1
Neugass,Moses,1759,1841,BHR1
Neumann,Abraham,1809,1875,BHR1
Neustadt,Josel. ,,,BHR1
Neustadt,Joseph,1815,1861,BHR1
Neustadt,M. ,,,BHR1
Neustadt,Pinkus,1823,1902,BHR1
Neustedel,Ascher,,1811,BHR1
Niederwerrn,Issaschar,,1809,BHR1
Niederwerrn,Samuel,1722,1790,BHR1
Noah b. Simon,,,1830,BHR1
Norden,Chaim,,1872,BHR1
Oberdorfer,Jakob,1807,1884,BHR1
Oelsner,Baruch,,1849,BHR1
Oelsner,Marcus,,1842,BHR1
Ohlenburg,Isaak. ,,,BHR1
Oplatka,Isaak H.,1820,1900,BHR1
Oppenheim,Abraham,,1786,BHR1
Oppenheim,Bär (hebr. Dov-B.),1791,1859,BHR1
Oppenheim,Chaim,1770,1822,BHR1
Oppenheim,David,1816,1876,BHR1
Oppenheim,Joachim,1848,1918,BHR1
Oppenheim,Joachim Heinrich,1832,1891,BHR1
Oppenheim,Juda,1800,1878,BHR1
Oppenheim,Simon,1753,1851,BHR1
Opper,Friedmann. ,,,BHR1
Oppern,Pinkus. ,,,BHR1
Oppler,Josef Lazarus. ,,,BHR1
Oranienburg,Hirsch (heb. Zwi-H.),,1784,BHR1
Oser,Baruch,1739,1822,BHR1
Ottensoser,Lazarus,5559-1798,1876,BHR1
Öttinger,Jakob Joseph,1780,1860,BHR1
Paneth,Ezechiel,1783,1844,BHR1
Pappenheim,Salomon,1740,1814,BHR1
Paradies,Joel Sander. ,,,BHR1
Paradies,Leiser Hirsch,1816,1902,BHR1
Paschkes,Moses,,1854,BHR1
Peiser,Hirsch (hebr. Zwi-H.),,1823,BHR1
Peiser,Jechiel. ,,,BHR1
Pereles,Adam Moses,1795,1851,BHR1
Pereles,Isak,1778,1851,BHR1
Pereles,Moses,1761,1820,BHR1
Perl,Jekutiel Leiser,1768,1842,BHR1
Perles,Joseph,1835,1894,BHR1
Perles,Markus,,1825,BHR1
Perls,Meyer,1811,5654-1893,BHR1
Perls,Isaak-Moses,1784,1854,BHR1
Petschauer,Elieser-Veit,,,BHR1
Pfersee,Zadok,,1826,BHR1
Philip,Isaac Mayer. ,,,BHR1
Philippson,Gustav,,1880,BHR1
Philippson,Ludwig,1811,1889,BHR1
Philippsthal,Dob Beer,,,BHR1
Picard,Eliakim,1822,1903,BHR1
Pick,David,1804,1878,BHR1
Pick,Jakob,1824,1886,BHR1
Pick,Josef Samuel,,,BHR1
Pick,Menachem Aron,,1833,BHR1
Pilz,Joseph. ,,,BHR1
Pinczower,Joachim. ,,,BHR1
Pinkus,Fabisch. ,,,BHR1
Pinner,Lewin,1799,,BHR1
Pisko,Enoch,,,BHR1
Placzek,Abraham,1799,1884,BHR1
Placzek,Bernhard,1834,1922,BHR1
Placzek,David,,1883,BHR1
Plato,Hirsch,1822,1910,BHR1
Plaut,Ezechias Feiwel,1818,1895,BHR1
Plaut,Rudolf,1843,1914,BHR1
Plessner,Salomon,1797,1883,BHR1
Polatschek,Philipp,1819,1893,BHR1
Polin,Eisik. ,,,BHR1
Pollach,Josua Hermann. ,,,BHR1
Pollak,Enoch. ,,,BHR1
Pollak,Jakob Löb,1802,1851,BHR1
Pollak,Joachim,1798,1879,BHR1
Pollak,Lazar,1822,1905,BHR1
Pollak,Levi,,1806,BHR1
Pollak,Abraham Löbl,,1845,BHR1
Pollak,Ludwig. ,,,BHR1
Pollak,Markus ,,1866,BHR1
Pollak,Markus,1830,1895,BHR1
Pollak,Salomon,1811,1895,BHR1
Polnauer,Markus,,1828,BHR1
Popper,Salomon,1819,1891,BHR1
Popper,Samuel. ,,,BHR1
Popper,Simon,1816,1882,BHR1
Posen,Jakob,,,BHR1
Posen,Jakob,1772,1849,BHR1
Posen,Lazarus,1803,1865,BHR1
Posen,Salman Jekutiel,,1793,BHR1
Posen,Salomon Simon Jekutiel,1808,1875,BHR1
Posener,Isaak Simon. ,,,BHR1
Posener,Joel,,1837,BHR1
Posener,Moses,,1854,BHR1
Präger,Elias Hirsch,1767,1847,BHR1
Präger,Moses,1817,1861,BHR1
Pražák,Samuel. ,,,BHR1
Presburger,Gabriel Isack,1780,1858,BHR1
Presburger,Moses,,1798,BHR1
Pulvermacher,Aron,,,BHR1
Pulvermacher,Jesaja-Schaje,1792,1874,BHR1
Quetsch,Salomon,1798,1856,BHR1
Rabl,Abraham-Aberl,1811,1841,BHR1
Radt,Salomon,,1867,BHR1
Rafael,Aron,,1800,BHR1
Rahmer,Moritz,1837,1904,BHR1
Randegger,Maier,1780,1853,BHR1
Ranschburg,Salomon,1816,1895,BHR1
Raphael,Philipp,1822,1872,BHR1
Rapoport,Salomon Leib (hebr. S. Juda-L.,1790,1867,BHR1
Rapp,Seligmann. ,,,BHR1
Rappaport,Benjamin-Wolf,1754,1837,BHR1
Rappaport,Hirsch,1765,1832,BHR1
Rappaport,Isaak-Itzik,1735,1781,BHR1
Rappaport,Isaak,,1788,BHR1
Rappaport,Löb(hebr. Arje-L.),1693,1780,BHR1
Rappaport,Simcha-Bunem,1734,1816,BHR1
Raschwitz,Löb (hebr. Juda-L.),,1784,BHR1
Reckendorf,Mendel,,1782,BHR1
Reckendorf,Mordechai. ,,,BHR1
Redlich,Pinchas Löb. ,,,BHR1
Redisch,Eisik,1793,1849,BHR1
Reger,Elias. ,,,BHR1
Rehfisch,Jakob Simcha,1804,1877,BHR1
Reich,Jakob-Koppel. ,,,BHR1
Reichels,Wolf (hebr. Benjamin-W.),,1786,BHR1
Reichenberger,Lazarus,,,BHR1
Reichenberger,Nathan-Neta,1772,1853,BHR1
Reichmann,Heymann,1809,,BHR1
Reik,Israel,,1825,BHR1
Reimann,Salomon,1827,,BHR1
Reinganum,Isack,,1803,BHR1
Reinganum,Moses,,1833,BHR1
Reindorf,Isaak,,1803,BHR1
Reiniger,Jesaias,1782,1857,BHR1
Reiniz,Nathan-Feitel,,1862,BHR1
Reis,Abraham,1802,1862,BHR1
Reisner,Jonas,1785,1824,BHR1
Reiss,Alexander,1775,1854,BHR1
Reiss,Moses,1802,1878,BHR1
Reiss,Seligmann,1764,1831,BHR1
Richen,Löb Herz,1733,1815,BHR1
Richter,Emanuel Kalman,1732,1812,BHR1
Ris,Abraham,1763,1834,BHR1
Ris,Raphael,1728,1813,BHR1
Ritter,Immanuel Heinrich,1825,1890,BHR1
Rokeach,Eleazar. ,,,BHR1
Romann,Philipp,1810,1842,BHR1
Ronsburg,Bezalel,1762,1820,BHR1
Roos,Kaufmann,1805,1876,BHR1
Roos,Löb Moses,1768,1838,BHR1
Rosenau,Abraham. ,,,BHR1
Rosenbach,Aron,1772,1827,BHR1
Rosenbacher,Aron,1795,1870,BHR1
Rosenbaum,Elias Raphael,1808,1886,BHR1
Rosenbaum,Emmanuel-Männlein. ,,,BHR1
Rosenbaum,Izik Löb,,1810,BHR1
Rosenbaum,Jona,1822,1894,BHR1
Rosenbaum,Mendel,1783,1868,BHR1
Rosenbaum,Seckel,1777,1865,BHR1
Rosenberg,Jacob Moses,1806,1868,BHR1
Rosenberg,Meyer,,1811,BHR1
Rosenberg,Samuel. ,,,BHR1
Rosenfeld,Abraham,1806,1867,BHR1
Rosenfeld,Ascher,,1849,BHR1
Rosenfeld,Baruch,1815,,BHR1
Rosenfeld,Moses Jehuda,1755,1828,BHR1
Rosenfeld,Samson Wolf,1783,1862,BHR1
Rosenstein,Elchanan,1796,1869,BHR1
Rosenstein,Michael,1832,1900,BHR1
Rosenstein,Samuel-Sanwil,,1824,BHR1
Rosenstrauch,Wilhelm,,,BHR1
Rosenthal,Ferdinand,1838,1921,BHR1
Rosenthal,Leeser,1794,1868,BHR1
Rosenthal,Salomon. ,,,BHR1
Rössler,Moses Löb. ,,,BHR1
Roth,Herrmann,1834,1864,BHR1
Roth,Louis,,,BHR1
Rothenheim,Wolf,1801,,BHR1
Rothschild,Callmann. ,,,BHR1
Rothschild,David,1816,1892,BHR1
Rothschild,Raphael,,,BHR1
Rothschild,Salomon-Salman,1804,1877,BHR1
Rothstein,Salkind. ,,,BHR1
Rubert,Moses Menachem-Mendel,,1794,BHR1
Rubin,Samuel-Aron,,1857,BHR1
Rülf,Isaak,1831,1902,BHR1
Saalschütz,Levin Joseph,1754,1823,BHR1
Sachs,Dob,1771,1834,BHR1
Sachs,Jakob David,1749,1834,BHR1
Sachs,Jakob Hirsch,1794,1849,BHR1
Sachs,Markus,1795,,BHR1
Sachs,Michael,1808,1864,BHR1
Sachs,Moritz. ,,,BHR1
Sachs,Moses,1800,1870,BHR1
Sachs,Moses. ,,,BHR1
Sachs,Salomon,1795,1850,BHR1
Sachs,Simon,,,BHR1
Saft,Chaim. ,,,BHR1
Salfeld,Sigmund,1843,1926,BHR1
Salinger,Michael,,1886,BHR1
Salomon (Schlome-Salman),,,1803,BHR1
Salomon b. Seev. ,,,,BHR1
Salomon,Gotthold,1784,1862,BHR1
Salomon,Ludwig-Löb,1801,,BHR1
Salomon,Moses,1770,1839,BHR1
Salomon,Nathan,1762,1820,BHR1
Salvendi,Adolf,1837,1914,BHR1
Salzer,Moses,1841,1902,BHR1
Sammter,Ascher,1807,1887,BHR1
Samotsch,Hirsch (hebr. Zwi-H.),1740,1807,BHR1
Samst,Emanuel-Mendel,1731,1815,BHR1
Samst,Samuel (oder Salomon?),1760,1839,BHR1
Samter,Moses Gabriel,1802,,BHR1
Samter,Salomon,,1814,BHR1
Samter,Tobias,1838,1900,BHR1
Samuel-Sanwil,,,1817,BHR1
Sänger,Jonas,1803,1880,BHR1
Sänger,Max,1821,1882,BHR1
Sarahson,Chajim Jechiel,,1874,BHR1
Sarner,Ferdinand Leopold,1825,1878,BHR1
Sauel,Judas,1748,,BHR1
Schach, Aron b. Moses,,1781,BHR1
Schach, Aron b. Elieser,1786,1854,BHR1
Schach, Lazarus b. Aron,1738,1823,BHR1
Schach, Meyer b. Aron,,1808,BHR1
Schach, Moses b. Elieser,1773,1840,BHR1
Schachne,,,1851,BHR1
Schäfer,Elieser Josef Jakob,1744,1824,BHR1
Schak,Nathan,,1785,BHR1
Schallinger,SamuelHakohen,,,BHR1
Schames,Jakob,,1785,BHR1
Scheie,Nathan-Nata,,1863,BHR1
Scheuer,Feitel,1775,,BHR1
Scheuer,Herz,1753-1756,1822,BHR1
Scheuer,Löb (hebr. Juda-L.),1733,1821,BHR1
Scheuer,Michel,1738,1809,BHR1
Scheuer,Tewele,1711,1782,BHR1
Schick,Abraham,,1830,BHR1
Schick,Lazar,1834,1901,BHR1
Schidloff,Isak,1817,1898,BHR1
Schidloff,Jakob. ,,,BHR1
Schiff,Mayer,,1807,BHR1
Schiff,Tewele,,1792,BHR1
Schiffmann,Moses,1811,1894,BHR1
Schlank,Hirsch (hebr. Zwi-H.),,,BHR1
Schlank,Mordechai,1773,1861,BHR1
Schlenker,Seligmann,1800-1801,1860,BHR1
Schlesinger,D. ,,,BHR1
Schlesinger,Gottschalk,1813,1900,BHR1
Schlesinger,Maier,1837,,BHR1
Schlesinger,Naftaly. ,,,BHR1
Schlessinger,Wolf,1812,1854,BHR1
Schloss,Aron. ,,,BHR1
Schloss,Levi Joseph,1743,1826,BHR1
Schmarje b. Nathan. ,,,,BHR1
Schmelkes,Samuel,,1805,BHR1
Schmiedl,Adolf,1821,1913,BHR1
Schmiedl,Juda,1776,1855,BHR1
Schnaittach,Joseph,1774,1861,BHR1
Schnaittach,Nathan,,,BHR1
Schnaittacher,Bär Hajum,1758,1827,BHR1
Schneidemühl,Hirsch (hebr. Zwi-H.),1803,1875,BHR1
Schnitzler,Salomon Wolff. ,,,BHR1
Schochet,Löb (hebr. Jakob Arjeh-L.),,1855,BHR1
Schöpflich,Anselm-Anschel,1773,1846,BHR1
Schott,Leopold(hebr. Juda-Löb),1807,1869,BHR1
Schotten,Hillel,1755,1823,BHR1
Schotten,Joseph-Jospe. ,,,BHR1
Schotten,Samuel,,1796,BHR1
Schotten,Samuel,,1782,BHR1
Schreiber,Benjamin,1779,1839,BHR1
Schreiber,Josef Löwy. ,,,BHR1
Schreiber,Meier,1805,,BHR1
Schreiber,Salomon,,1894,BHR1
Schrötter,David,,1882,BHR1
Schrötter,Elieser,,1863,BHR1
Schrötter,Israel Chaim,1801,1839,BHR1
Schüler,Israel-Eisle,,,BHR1
Schüller,Aron,,1846,BHR1
Schüller,Josef. ,,,BHR1
Schulmann,David Lewin,1754,1814,BHR1
Schwab,Aron,,1875-1831,BHR1
Schwab,Emanuel,1812,1869,BHR1
Schwab,Isaak,,1789,BHR1
Schwab,Löb,1794,1857,BHR1
Schwab,M. L. ,,,BHR1
Schwab,Wolf,,1827,BHR1
Schwabacher,Jakob Samuel,,1818,BHR1
Schwabacher,Simeon Löb,1819,1888,BHR1
Schwarz,Adam. ,,,BHR1
Schwarz,Hayum,1800,1875,BHR1
Schwarz,Heinrich,1824,,BHR1
Schwarz,Israel,1828,1875,BHR1
Schwarzkopf,Abraham. ,,,BHR1
Schwarzkopf,Benedikt,1797,,BHR1
Schwarzkopf,Salomon. ,,,BHR1
Schwarzschild,Aron Moses,,1812,BHR1
Schwarzschild,Moses,1750,1834,BHR1
Schwarzschild,Moses,1804,1875,BHR1
Schwarzstein,Israel,1840,,BHR1
Schwerin,Eliakim-Götz,1762,1852,BHR1
Seckendorf,Salomon. ,,,BHR1
Seev,Nehemias. ,,,BHR1
Segall,Benjamin Sebulon. ,,,BHR1
Sekelsohn,M. ,,,BHR1
Sekelssohn,A. ,,,BHR1
Selig,Ruben,,1828,BHR1
Selig,Samson,,1841,BHR1
Seligmann,Aaron,1805,1864,BHR1
Seligmann,Joel,1744,1829,BHR1
Seligmann,Löb,1804,1857,BHR1
Seligmann,Ludwig,1813,1879,BHR1
Seligsberg,Marx Hayum,1799,1877,BHR1
Selka,Israel Hirsch,,1827,BHR1
Selz,Elkan,1808,1881,BHR1
Selz,Hayum,1802,1876,BHR1
Semnitz,Jechiel Zwi. ,,,BHR1
Semo,Abraham. ,,,BHR1
Semo,Sabbatay,1780,1843,BHR1
Sichel,Leopold-Lemle,1809,1854,BHR1
Silber,J. ,,,BHR1
Silber,Jakob,1763,,BHR1
Silberkron,Jakob,1752,1838,BHR1
Silbermann,Lasar,1819,1882,BHR1
Silberstein,Michael,1834,1910,BHR1
Simon b. Jona,,,1793,BHR1
Singer,Jakob. ,,,BHR1
Singer,Löb,,,BHR1
Singer,Moritz,1813,,BHR1
Singer,Moses. ,,,BHR1
Sinzheim,Josef-David,1745,1812,BHR1
Skag,Hirsch Hakohen,,,BHR1
Skutsch,Pinkus,,1819,BHR1
Skutsch,Eisik,1800,1873,BHR1
Sobernheim,Isaak Rafael,1807,1869,BHR1
Sofer,Moses,1762,1839,BHR1
Sofer,Nachum,,1815,BHR1
Sondheimer,Hillel,1840,1899,BHR1
Sonnentheil,Emanuel,1770,1849,BHR1
Sonneschein,Salomon Hirsch,1839,1908,BHR1
Sontheim,Moses Tobias,1755,1830,BHR1
Sontheimer,Hillel Wolf,1748,1832,BHR1
Sophar,Wolf,1806,1883,BHR1
Speyer,Michel,1740,1822,BHR1
Speyer,Samuel,1838,,BHR1
Spiro,Benjamin-Wolf,,1792,BHR1
Spiro,Elias,1777-1797,1855,BHR1
Spiro,Elieser,,,BHR1
Spiro,Jacob Cohen. ,,,BHR1
Spiro,Joachim. ,,,BHR1
Spiro,Joseph-Joske,1767,1853,BHR1
Spiro,M. L. ,,,BHR1
Spiro,Moses Joseph,1770,1830,BHR1
Spitz,Abraham Löb. ,,,BHR1
Spitz,Aron Halevi,,1816,BHR1
Spitz,Isak,1766,1842,BHR1
Spitz,Moises. ,,,BHR1
Spitz,Zacharias,,1883,BHR1
Spitzer,Salomon-Salman,1826,1893,BHR1
Staadecker,Zacharias Issaschar,1799,1857,BHR1
Stadthagen,David,1822,,BHR1
Stadthagen,Ephraim. ,,,BHR1
Stampfen,Koppel. ,,,BHR1
Stark,M. ,,,BHR1
Steg,Samuel Gerson,,1807,BHR1
Stein,Abraham,1769,1846,BHR1
Stein,Abraham,1818,1884,BHR1
Stein,Alexander,1843,1914,BHR1
Stein,Jakob,1821,,BHR1
Stein,Leopold,1810,1882,BHR1
Stein,Menachem Levi. ,,,BHR1
Stein,Wilhelm. ,,,BHR1
Steinacher,Wolf,1764,1835,BHR1
Steiner,Samuel,,1861,BHR1
Steinhardt,Akiba,1788,1846,BHR1
Steinhardt,Jakob. ,,,BHR1
Steinhardt,Löb,,,BHR1
Steinhardt,Menachem-Mendel,1768,1824,BHR1
Steinschneider,Daniel,1758,1846,BHR1
Steppacher,Baruch Löb,1755,1838,BHR1
Stern,Abraham,1751,1797,BHR1
Stern,Abraham,1762,1831,BHR1
Stern,Anschel,1820,1888,BHR1
Stern,Ignaz. ,,,BHR1
Stern,Joachim,1809,1895,BHR1
Stern,Moritz,1822,,BHR1
Stern,Moses. ,,,BHR1
Stern,Wilhelm,1826,1897,BHR1
Sternberg,Jakob. ,,,BHR1
Sternberg,Wolf,,1860,BHR1
Stössel,Michael H.,,1879,BHR1
Stössel,Moritz,,1867,BHR1
Stössel,Aron Moses,1796,1861,BHR1
Stössels,Ascher. ,,,BHR1
Strasser,Eleasar,1790,1848,BHR1
Straus,Samuel,1758,1820,BHR1
Strauss,Isaac,1837,1915,BHR1
Streusand,Nochem,,1872,BHR1
Struck,Salomon Michael,1796,1871-1871,BHR1
Sulzberger,Abraham Hirsch,1802,1828,BHR1
Süskind,Samuel,1811,1894,BHR1
Süsskind,Lemle,,1789,BHR1
Süsskind,Moses,,1793,BHR1
Sutro,Abraham,1784,1869,BHR1
Sutto,J. ,,,BHR1
Synek. ,,,,BHR1
Tauber,Aron,,1856,BHR1
Tauber,Jakob,1842,1916,BHR1
Tauber,Löb,1752,1829,BHR1
Tauber,Moritz. ,,,BHR1
Tauber,Moses. ,,,BHR1
Taussig,Chaim. ,,,BHR1
Teltscher,Hirsch (hebr. Zwi-H.). ,,,BHR1
Tendlau,Abraham,,1790,BHR1
Tendlau,Heyum,,1829,BHR1
Teomim,Jakob,,1850,BHR1
Teomim,Isaak-Joseph,1727,1792,BHR1
Teomim,Josua Feibel. ,,,BHR1
Teomim,Löb (hebr. Arje-Juda-L.),,1794,BHR1
Teomim,Samuel. ,,,BHR1
Teomim-Schnapper,Sußmann,,1794,BHR1
Teomim-Fränkel,Baruch,1760,1828,BHR1
Teweles,Ephraim Löw Katz,1773,1849,BHR1
Teweles,Juda,1807,1869,BHR1
Thalheimer,Faust Löw,1806,1867,BHR1
Thalmann,Gumbel,,1880,BHR1
Theumann,Aron Hakohen,,1885,BHR1
Thockus,M. ,,,BHR1
Thorner,Moses Elieser,,1837,BHR1
Thorsch,Leopold,,1911,BHR1
Tichý,Abraham. ,,,BHR1
Tietz,Hermann,1834,1908,BHR1
Tiktin,Abraham,1764,1820,BHR1
Tiktin,Abraham,,1821,BHR1
Tiktin,Gedalja,1808,1886,BHR1
Tiktin,Salman,1791,1843,BHR1
Tintner,Birch Abraham,,1874,BHR1
Tintner,Moritz,1830,1876,BHR1
Toff,Jakob. ,,,BHR1
Toff,Hirsch,,1839,BHR1
Toff,Pessach,1803,1865,BHR1
Torni,Meier. ,,,BHR1
Traub,Hirsch,1791,1849,BHR1
Traub,Joachim,1713,1793,BHR1
Traub,Löw,,1878,BHR1
Traub,Meyer Alexander,,1815,BHR1
Traub,Jakob Seligmann,1744,1819,BHR1
Traube,Leiser,1775,1824,BHR1
Traube,Levin,,1824,BHR1
Trebitsch,Nehemias,1779,1842,BHR1
Treuenfels,Abraham,1818,1879,BHR1
Trier,Abraham,,1794,BHR1
Trier,Salman,1758,1846,BHR1
Trischet,Abraham,1753,1827,BHR1
Trischet,Markus,,1866,BHR1
Troller,Isak. ,,,BHR1
Türkel,Salomo Hirsch. ,,,BHR1
Ullmann,Abraham,1791,1849,BHR1
Ullmann,Benjamin-Wolf,,1811,BHR1
Ullmann,Lion,1804,1843,BHR1
Ullmann,Löb (hebr. Juda-L.),1716,1796,BHR1
Ullmann,Salomon-Schalom,1755,1825,BHR1
Ullmann,Samuel,1740,1824-1814,BHR1
Ungar,Moses,,1814,BHR1
Ungar,Moses,1814,,BHR1
Unger,Joachim Jakob,1826,1912,BHR1
Ungerleider,Rudolf,1833,1911,BHR1
Utitz,Abraham. ,,,BHR1
Utitz,Jakob. ,,,BHR1
Veilchenfeld,Moses,1794,1872,BHR1
Veitel,Uri Löw,1784,1851,BHR1
Victor,Hermann,1816,,BHR1
Vogel,Moses. ,,,BHR1
Vogelsdorf,Samuel Lasi. ,,,BHR1
Vogelstein,Heinemann,1841,1911,BHR1
Wagner,Hayum Süßel,1806,1892,BHR1
Wahlhausen,Wolf,,1811,BHR1
Wälder,Abraham,1809,1876,BHR1
Wäldler,Salomon Lipmann,1831,1904,BHR1
Waldstein,Moses,1792,1873,BHR1
Wallau,Leser,1742,1821,BHR1
Wallerstein,Abraham,,1792,BHR1
Wallerstein,Josua,1836,1876,BHR1
Wanefried,Menachem,1795,1891,BHR1
Wanefried,Moses,,1850,BHR1
Warburg,Samuel,,1817,BHR1
Warisch,Jakob,,1808,BHR1
Warter,Isaak,,1798,BHR1
Wassermann,Moses ,1811,1892,BHR1
Wassermann,Salomon,1780,1859,BHR1
Wassertrilling,Herrmann,,1887,BHR1
Wassertrilling,Jakob. ,,,BHR1
Wechsler,Abraham Josef,1796,1850,BHR1
Wechsler,Bernhard,1807,1874,BHR1
Wechsler,Hyle,1843,1894,BHR1
Weil,Abraham,1754,1831,BHR1
Weil,Hirsch,1764,1839,BHR1
Weil,Seligmann Jakob,1757,1832,BHR1
Weil,Lazar. ,,,BHR1
Weil,Nathan,1756,1829,BHR1
Weil,Nathanael,1818,1892,BHR1
Weil,Ruben,1763,1850,BHR1
Weil,Siegmund,1814,1886,BHR1
Weil,Tia,1721,1805,BHR1
Weiler,Abraham,,1832,BHR1
Weimann,Elkan,1818,1886,BHR1
Weinberger,Abraham Isak,,1868,BHR1
Weinberger,Josua Ahron Hirsch (hebr. J. A. Zwi-H.),1815,1891,BHR1
Weiner,Löwy. ,,,BHR1
Weis,Isaac Mayer,1819,1900,BHR1
Weiskopf,David,1798,1882,BHR1
Weiskopf,Moses,1836,1936,BHR1
Weiss,Benjamin,1845,1917,BHR1
Weiss,Eisik Hirsch,1815,1905,BHR1
Weiss,Isak. ,,,BHR1
Weiss,Israel,1819,1907,BHR1
Weiss,Josua,,1911,BHR1
Weissblum,Mathias,,1873,BHR1
Weisse,Josef,1812,1897,BHR1
Weissler,Nathan. ,,,BHR1
Weltmann,Chajim Lewin,,1849,BHR1
Werner,Hartwig,1819,1905,BHR1
Werner,Isak,,1836,BHR1
Wertheimer,Akiba-Israel,1778,1835,BHR1
Wertheimer,Wolf. ,,,BHR1
Westheimer,Israel. ,,,BHR1
Wetzlar,Marcus Gerson,1801,1878,BHR1
Weyl,Chaim,1779,1847,BHR1
Weyl,Meyer,1744,1826,BHR1
Wiener,Adolph Meyer,1812,1895,BHR1
Wiener,Juda Gabriel,1787,1842,BHR1
Wiener,Moses Menachem. ,,,BHR1
Wiener,Josef-Simon,,1815,BHR1
Wiesner,Jonas Julius,1814,1889,BHR1
Wigdor,Samuel,,1791,BHR1
Willner,Samuel Haim. ,,,BHR1
Willstätter,Benjamin,1813,1895,BHR1
Willstätter,Elias,1796,1842,BHR1
Willstätter,Ephraim,1810,1862,BHR1
Wilner,Ascher,,1856,BHR1
Wilner,Isaac Salomon,,1806,BHR1
Winter,Salomon,,1853,BHR1
Winternitz,Abraham. ,,,BHR1
Wissmann,Löb (hebr. Juda-L.),,1903,BHR1
Witkowski,Israel,,1884,BHR1
Wittelshöfer,Israel,1813,1896,BHR1
Wittelshöfer,Moses,1770,1840,BHR1
Wittersheim,Samuel-Nathanael,1766,1831,BHR1
Wohl,Löb (hebr. Juda-Arjeh-L.),,1828,BHR1
Wohl,Samson,,1825,BHR1
Wohlgemuth,Jesaja,1820,1898,BHR1
Wohlmuth,Josua. ,,,BHR1
Wolf(hebr. Zeev-W.),,,1806,BHR1
Wolf b. Salomon-Salman (hebr. Zeev-W.),,,1809,BHR1
Wolf b. Zwi(hebr. Zeev-W.),,,1802,BHR1
Wolf,Alexander-Sender,1762,1843,BHR1
Wolf,Aron. ,,,BHR1
Wolf,Avigdor. ,,,BHR1
Wolf,Israel,,1830,BHR1
Wolf,Löbusch,1781,1856,BHR1
Wolf,Maier. ,,,BHR1
Wolf,Marum b. Meir,1758,1829,BHR1
Wolff,Abraham,1801,1891,BHR1
Wolff,David,1760,,BHR1
Wolff,Moritz,1824,1904,BHR1
Wolff,Samuel A.,1760,1843,BHR1
Wolffgang,Abraham. ,,,BHR1
Wolffssohn,Aron,1788,1830,BHR1
Wolfsohn,Heymann,1810,1897,BHR1
Wolfssohn,Wilhelm,1827,1905,BHR1
Worms,Aron,1754,1836,BHR1
Wormser,Joseph,,1825,BHR1
Wormser,Joseph Samuel,1807,1892,BHR1
Wormser,Löb,1801,1850,BHR1
Wormser,Moses,,1826,BHR1
Wormser,Salman,,1806,BHR1
Wormser,Salomon,1814,1887,BHR1
Wormser,Samuel,,1858,BHR1
Wormser,Seckel,1769,1839,BHR1
Wormser,Seckel Löb,1768,1847,BHR1
Wreschner,Abraham,,1846-5606,BHR1
Wreschner,Abraham-Abbusch,1796,1876-1875,BHR1
Wreschner,Emanuel,1828,1900,BHR1
Wreschner,Israel,,1820,BHR1
Wreschner,Jakob,1822,,BHR1
Wreschner,Moses Abraham,1821,1903,BHR1
Wronik,Michael,1753,1838,BHR1
Wunder,Adam,1817,1905,BHR1
Wurm,Joachim,1818,,BHR1
Wurmfeld,David. ,,,BHR1
Wyler,Leopold,,1857,BHR1
Zellniker,Wolf. ,,,BHR1
Zilz,Eleasar. ,,,BHR1
Zilz,Meyer,,1826,BHR1
Zilzer,Joachim Löb,1800,1837,BHR1
Zilzer,Moses Löb,,1831,BHR1
Zilzer,Samuel,1802,1859,BHR1
Zirndorf,Heinrich,1829,1893,BHR1
Zirndorfer,Samuel. ,,,BHR1
Zivi,Raphael,,1837,BHR1
Zlotowe,Henoch,1769,1851,BHR1
Zlotower,Moses. ,,,BHR1
Zomber,Bernhard (hebr. Dov-Bär),1821,1884,BHR1
Zorn,Nathan,,1854,BHR1
Zuckermandel,Löbl. ,,,BHR1
Zuckermandel,Moses Samuel,1836,1917,BHR1
Zuckermann,Hirsch Jakob. ,,,BHR1
Zuckermann,M. H. ,,,BHR1
Zuckermann,Simon,,1855,BHR1
Aber,Felix,1895,1964,BHR2
Ackermann,Aron,1867,1912,BHR2
Adler,Abraham,,,BHR2
Adler,Immanuel,,,BHR2
Adler,Joseph Gabriel,,,BHR2
Adler,Lazarus Levi,,,BHR2
Adler,Oskar ,,,BHR2
Alexander,Siegfried,1886,,BHR2
Alexander,Simon,,1871,BHR2
Altmann,Adolf,1879,,BHR2
Altmann,Alexander,1906,1988,BHR2
Altmann,Joseph-Josel,,,BHR2
Andorn,Hans,1903,1945,BHR2
Ansbacher,Jonas,1879,1967,BHR2
Apolant,Samuel,,,BHR2
Appel,Ernst,1884,1973,BHR2
Appel,Meyer,1851,1919,BHR2
Apt,Naftali,1888,,BHR2
Aron,Alexandre,1797,1874,BHR2
Aron,Arnaud,1807,1890,BHR2
Aschkanaze,Meier,1850,1908,BHR2
Aub,Joseph,,,BHR2
Auerbach,Aron,,,BHR2
Auerbach,Benjamin-Hirsch,,,BHR2
Auerbach,Baruch Mendel,1843,1920,BHR2
Auerbach,Heimann,1880,1957,BHR2
Auerbach,Hirsch Benjamin,1901,1973-1974,BHR2
Auerbach,Isaak Emil,1870,1932,BHR2
Auerbach,Josua-Falk,,,BHR2
Auerbach,L ,,,BHR2
Auerbach,Samuel,,,BHR2
Auerbach,Selig Sigmund,1906,1997,BHR2
Auerbach,Sigmund Selig Aviezri,1840,1901,BHR2
Auerbach,Zacharias,,,BHR2
Augapfel,Julius,1892,1944,BHR2
Auscher,Simon,1869,1933,BHR2
Baas,Ernst,,,BHR2
Baeck,Leo,1873,1956,BHR2
Baeck,Samuel,,,BHR2
Bähr,Oskar,1856,1942,BHR2
Baer (Bär),Bernhard,1833,1902,BHR2
Baerwald,Leo,1883,1970,BHR2
Bamberger,Isaac,,,BHR2
Bamberger,Isaak Selig,1863,1934,BHR2
Bamberger,Moses Löb,,,BHR2
Bamberger,Moses Löb,1869,1924,BHR2
Bamberger,Moses Löb,1902,1960,BHR2
Bamberger,Nathan,1842,1919,BHR2
Bamberger,Salomon Salman,,,BHR2
Bamberger,Salomon Menachem,1869,1920,BHR2
Bamberger,Samuel,,,BHR2
Bamberger,Seckel,,,BHR2
Bamberger,Selig Pinchas,1872,1936,BHR2
Bamberger,Seligmann-Bär,,,BHR2
Bamberger,Simcha Simon,1871,1961,BHR2
Bamberger,Simon Simcha,1899,1957,BHR2
Bamberger,Simon-Simche,,,BHR2
Baneth,Eduard Ezekiel,1855,1930,BHR2
Baneth,Ludwig,1891,1958,BHR2
Baron,Sally,1874,1946,BHR2
Bass,Ernst,1893,,BHR2
Bassfreund,Jakob,1850,1919,BHR2
Beer,Isaac,1808,1881,BHR2
Beermann,Max,1873,1935,BHR2
Behrens,Siegfried,1876,,BHR2
Bereisch,Mordechai Jakob,1895,1976,BHR2
Berger,Emil,1887,1918,BHR2
Berger,Heinrich,1861,1937,BHR2
Bergmann,Juda,1874,1954-1956,BHR2
Berkovits,Eliezer,1908,1992,BHR2
Berlin,Moses,1849,,BHR2
Berliner,Abraham,,,BHR2
Berlinger,Eliezer,1904,,BHR2
Berlinger,Jakob,1866,1945,BHR2
Berlinger,Menachem-Menko,,,BHR2
Bernheim,Samuel Edmond,1828,1898,BHR2
Bernstein,Fritz Leon,1888,1920,BHR2
Biberfeld,Abraham,1831,1905,BHR2
Biberfeld,Eduard Chajim,1864,1939,BHR2
Biberfeld,Heinrich,1863,1889,BHR2
Biberfeld,Philipp Leon,1901,,BHR2
Bieler,Meir,1906,1953,BHR2
Bienheim,Erich,1898,1962,BHR2
Bigard,Isaac,1828,1885,BHR2
Bileski,Herbert,1909,,BHR2
Binetter,Isidor,,,BHR2
Biram,Max,1853,1916,BHR2
Bleichrode,Isidor,1867,1954,BHR2
Bloch,Armand Isaac,1865,1952,BHR2
Bloch,Camille,,1939,BHR2
Bloch,Fritz Elieser,1903,1979,BHR2
Bloch,Jacques,1832,1920,BHR2
Bloch,Joseph,1820,1905,BHR2
Bloch,Joseph,1875,1970,BHR2
Bloch,Josef Samuel,1850,1923,BHR2
Bloch,Lazare,1813,1888,BHR2
Bloch,Lazare,1828,1897,BHR2
Bloch,Philipp,1841,1923,BHR2
Bloch,S. M.,,,BHR2
Blüh,Abraham Dr.,,,BHR2
Bluhm,Arthur,1899,1962,BHR2
Blum,Félix,1847,1925,BHR2
Blum,Samuel,1883,1951,BHR2
Blumenthal,Adolf,1863,1903,BHR2
Blumgrund,Bernhard Naftali,,1905,BHR2
Bohrer,Markus Mordechai,1895,1938,BHR2
Bondi,Jonas Marcus,1862,1929,BHR2
Brader,David,1879,,BHR2
Brann,Isaak,,,BHR2
Brann,Markus Mordechai,1849,1920,BHR2
Brann,Salomon,,,BHR2
Braun,Israel Chaim,1868-1866,1946,BHR2
Braunschweiger,David,1875,1928,BHR2
Breslauer,Jehuda Leo,1894,1983,BHR2
Breuer,Joseph,1882,1980,BHR2
Breuer,Raphael,1881,1932,BHR2
Breuer,Salomon,1850-1852,1926,BHR2
Broch,Jizchak Isidor,1904,1971,BHR2
Broh,M.,1837-1840,1895,BHR2
Brom,Samuel,1888,1963,BHR2
Bruckstein,Marcus,1854,,BHR2
Brüll,Nehemia,,,BHR2
Brummer,Osias,1844,,BHR2
Buchholz,Peter,,,BHR2
Buttenwieser,Josef Arie,1857,1927,BHR2
Cahn,Elias,,,BHR2
Cahn,Leo Jehuda,1889,1958,BHR2
Cahn,Marc,1777-1778,1872,BHR2
Cahn,Michael,1849,1920,BHR2
Cahn,Nathan,1892,1924,BHR2
Carlebach,David,1899,1951,BHR2
Carlebach,Emanuel,1874,1927,BHR2
Carlebach,Ephraim,1879,1936,BHR2
Carlebach,Hartwig Naphtali,1889,1967,BHR2
Carlebach,Henry,1916,2005,BHR2
Carlebach,Joseph Zvi,1883,1942,BHR2
Carlebach,Salomon,,,BHR2
Caro,Abraham Jesaja,,,BHR2
Caro,Hirsch,,,BHR2
Caro,Isidor,1877,1943,BHR2
Caro,Jecheskel,,,BHR2
Caro,Julius,,,BHR2
Caro,Naftali,,,BHR2
Caro,Samuel J.,,,BHR2
Casper,Hermann ,,,BHR2
Cassell,Curt Emanuel,1912,1989,BHR2
Cassuto,Jehuda,,,BHR2
Chaim,Elias Jakob,,1900,BHR2
Chodowski,Salomo A. D.,1850,1907,BHR2
Chone,Hermann Chaim,1874,1946,BHR2
Chotiner,Abraham,1838,1882,BHR2
Coblenz,Felix,1863,1923,BHR2
Cohen,Benjamin,1895,1944,BHR2
Cohen,,1865,1943,BHR2
Cohen,Naftali,1874,1939,BHR2
Cohn,Aron,,,BHR2
Cohn,Benjamin,,,BHR2
Cohn,Emil Moses,1881,1948,BHR2
Cohn,Falk,,,BHR2
Cohn,Gustav,1881,,BHR2
Cohn,Heinrich A.,1889,1966,BHR2
Cohn,Jakob,1843-1837,1916,BHR2
Cohn,Jekew,,,BHR2
Cohn,John,1859,1934,BHR2
Cohn,Joseph S.,1866,1928,BHR2
Cohn,Joseph,1850,1948,BHR2
Cohn,Julius,1878,1939-1938,BHR2
Cohn,Julius,1880,,BHR2
Cohn,Naphtali,,,BHR2
Cohn,S. H.,1806,1895,BHR2
Cohn,Salomon,,,BHR2
Cohn,Salomon,1830,1907,BHR2
Cohn,Tobias,,,BHR2
Cohn,Wolf,,,BHR2
Cossmann,Werner,,,BHR2
Dankowicz,Simon,1846,,BHR2
David,Elieser,1857,1910,BHR2
David,Julius,,1898,BHR2
David,Moritz,1875,1956,BHR2
Debré,Moïse,1882,1919,BHR2
de Haas,Philipp,1884,1935,BHR2
Dessauer,Moritz,,,BHR2
Deutsch,David,,,BHR2
Deutsch,Hermann,1856,1932,BHR2
Deutsch,Immanuel,1847,1913,BHR2
Deutschländer,Nathan,,1894,BHR2
Diamant,Seev Wolf,1873,1931,BHR2
Dienemann,Max,1875,1939,BHR2
Dienstfertig,Marcus,,1895,BHR2
Doctor,Max,1870,1918,BHR2
Donath,Emanuel Menachem,1888,1976,BHR2
Donath,Leopold,,,BHR2
Dreifuss (Dreyfuss),Moses,,,BHR2
Dreyfuss,Emanuel,,,BHR2
Dreyfuss,Heinrich,1880,1914,BHR2
Dreyfuss,Heymann Loeb,1814,1896,BHR2
Dreyfuss,Isaak,1862,1940,BHR2
Duckesz,Eduard Ezechiel,1868,,BHR2
Dünner,Josef Hirsch,1913,2007,BHR2
Dünner,Lasar,1876,1950,BHR2
Eckstein,Adolf Abraham,1857,1935,BHR2
Ehrenfeld,Nathan,1843,1912,BHR2
Ehrentreu,Heinrich Chanoch,1854,1927,BHR2
Ehrentreu,Jonah Ernst,1896,1989,BHR2
Ehrlich,Adolf,,,BHR2
Ehrlich,Kaufmann,,1888,BHR2
Ehrlich,Nathan,,,BHR2
Ehrmann,Herz Naftali,1849,1918,BHR2
Einstein,Berthold,1862,1935,BHR2
Elk,Max,1898,1984,BHR2
Ellguther,Max,1859,1933,BHR2
Elsass,Bernhard,1866,1939,BHR2
Emmrich,Levi,1872,1905,BHR2
Engelbert,Moses,,,BHR2
Enoch,Joseph Samuel,1854,,BHR2
Enoch,Samuel David,,,BHR2
Ephraim,Menachem Max,1898,1942,BHR2
Eppenstein,Simon,1864,1920,BHR2
Epstein,Daniel ,,,BHR2
Epstein,Moses,,1895,BHR2
Ermann,Dr ,,,BHR2
Eschelbacher,Joseph,1848,1916,BHR2
Eschelbacher,Max,1880,1964,BHR2
Fabian,Alfred,1910,1989,BHR2
Fabian,Leo,1868,1918,BHR2
Fahrenbach,Henoch Joseph,,,BHR2
Falkenheim,Isaak,,,BHR2
Falkenstein,Ph ,,,BHR2
Feder,Josef Leib,,1876,BHR2
Feige,Mannes,,,BHR2
Feilchenfeld,Gabriel Fabian,,,BHR2
Feilchenfeld,Wolf,,,BHR2
Feinberg,Gabriel ,,,BHR2
Feldmann,David,1878,1951,BHR2
Felsenstein,Samson,,,BHR2
Fessler,Siegmund,1847,1909,BHR2
Findling,Moses,1906,1973,BHR2
Fink,Daniel,1862,,BHR2
Finkel,Ephraim,1863,1943,BHR2
Finkelscherer,Bruno,2006-1906,,BHR2
Finkelscherer,Herbert,1903,1942,BHR2
Finkelscherer,Israel,1866,1942,BHR2
Flaschner,Siegmund,1844,1914,BHR2
Flehinger,Baruch Hirsch,,,BHR2
Fleischer,M ,,,BHR2
Foerder,Victor,1913,1972,BHR2
Forges,Nathan,,,BHR2
Formstecher,Salomon,,,BHR2
Fränckel,Leo,,,BHR2
Frank,Abraham,,,BHR2
Frank,Gerhard,1912,,BHR2
Frank,Helmut,1912,1989,BHR2
Fränkel,Daniel,,,BHR2
Fränkel,Leo,1867,1942,BHR2
Frankfurter,Salomon,1875,1938,BHR2
Frankl,Philipp Pessach,1876,1944,BHR2
Frankl,Pincus Fritz,1848,1887,BHR2
Freier,Moritz,1889,1969,BHR2
Freimann,Israel Meir,,,BHR2
Freimann,Jacob,1866,1937,BHR2
Frenkel,Meyer,,,BHR2
Freudenthal,Max,1868,1937,BHR2
Freund,Peter,1906,1982,BHR2
Freund,Samuel,1868,1939,BHR2
Freund,Siegfried,,,BHR2
Fried,Salomon,1847,1906,BHR2
Friedeberg,Salomon,,,BHR2
Frieden,Moses,,,BHR2
Friediger,Max,1884,1947,BHR2
Friedmann,Benjamin,1842,1902,BHR2
Friedmann,Bernhard,,,BHR2
Friedmann,Isidor,1873,1936,BHR2
Friedmann,Israel,1878,1951,BHR2
Friedmann,Nathan,1879,1925,BHR2
Friedmann,Simon,1849,1924,BHR2
Fritz,Kurt,1902,1976,BHR2
Fröhlich,Wilhelm,,,BHR2
Fromm,Seligmann,,,BHR2
Fuchs,Hugo Henoch,1878,1949,BHR2
Fürst,Julius,,,BHR2
Gabrielowitz,Israel,,,BHR2
Gärtner,Eugen,1885,1980,BHR2
Galliner,Julius,1872,1949,BHR2
Galliner,Siegfried,1875,1960,BHR2
Gallinger,Joseph Stephen,1912,1976,BHR2
Gans,Sally,1878,,BHR2
Garbatty,Adolf Abraham Moritz,1865,1923,BHR2
Gebhardt,Julius,,,BHR2
Geiger,Abraham,,,BHR2
Geis,Robert Raphael,1906,1972,BHR2
Geismar,David,,,BHR2
Gelbhaus,Siegmund,1850,1928,BHR2
Gelles,Siegfried,1884,1947,BHR2
Gersfeld,Liebmann,,,BHR2
Ginsburger,Moses,1865,1949,BHR2
Glaser,A. M.,,,BHR2
Glaser,Jacob,1848,1908,BHR2
Glück,Jacob Akiba,,,BHR2
Goitein,Eduard Ezechiel,1864,1914,BHR2
Goitein,Gabor Gedalia,1848,1883,BHR2
Golanski,Ludwig,,,BHR2
Goldberg,Hirsch,1889,,BHR2
Goldmann,Benedikt,,1879,BHR2
Goldmann,Felix,1882,1934,BHR2
Goldmann,Philipp,,,BHR2
Goldschmidt,Abraham Meyer,,,BHR2
Goldschmidt,Israel,1849-1848,1924,BHR2
Goldschmidt,Pessach,,,BHR2
Goldschmidt,Salomon,,,BHR2
Goldschmidt,Salomon,1865,1933,BHR2
Goldstein,Aron David,1838-1844,1913,BHR2
Golinski,Ludwig,1879,1942,BHR2
Gomer,Chajim Abba,,,BHR2
Gorbate Adolf Abraham Moritz,Dr ,,,BHR2
Gottlieb-Joez b. Mosche,1815-1873 ,,,BHR2
Gottlieb,Emanuel,1848-1854,1911,BHR2
Gottschalk,Benno,1883,1966,BHR2
Grabowski,Viktor,1863,1931,BHR2
Gradenwitz,Zvi Hugo,1876,1943,BHR2
Graf,Louis Gerhard,1912,1987,BHR2
Greilsheimer,Julius,1890,1944,BHR2
Gronemann,Selig,1843,1918,BHR2
Gross,Heinrich,,,BHR2
Gross,M.,,1899,BHR2
Grün,Iwan Jacob,1900,1981,BHR2
Grün,Samuel,1841,,BHR2
Grünbaum,Aron Bär,,,BHR2
Grundfeld,S ,,,BHR2
Grünebaum,Elias,,,BHR2
Grünewald,Max,1899,1992,BHR2
Grünfeld,Hermann,1839,1915,BHR2
Grünfeld,Richard,1863,1931,BHR2
Grünfeld,S.,,,BHR2
Grünthal,Julius,1875,1943,BHR2
Grunwald,Max,1871,1953,BHR2
Grzymisch,Siegfried,1875,,BHR2
Güdemann,Moritz,,,BHR2
Gugenheimer,Raphael,1867,,BHR2
Guggenheim,Isaac,1847,1918,BHR2
Guggenheim,Max,1877,1968,BHR2
Gumpertz,Hermann,1851,1938,BHR2
Gunzenhauser,Samson,,,BHR2
Guttmacher,Elias,,,BHR2
Guttmann,Heinrich,1905,1995,BHR2
Guttmann,Jakob,1845,1919,BHR2
Guttmann,Julius,1880,1950,BHR2
Guttmann,Moritz,1861,1914,BHR2
Haas,David Hirsch,,,BHR2
Haas,Moses,,,BHR2
Hahn,Hugo,1893,1967,BHR2
Hahn,Salomon,,,BHR2
Halberstamm,Israel,1899,1981,BHR2
Halevy,Isaac,1847,1914,BHR2
Hamburger,Bernhard,1875,,BHR2
Hamburger,Ernst Tobias,1911,1985,BHR2
Hamburger,Jacob,,,BHR2
Handl,Hermann,,,BHR2
Hanff,Hansjörg,1915,,BHR2
Hannes,Ludwig,1868,1907,BHR2
Hanover,David,,,BHR2
Hanover,Siegmund Adolf,1880,1964,BHR2
Heckscher,Julius Wolf,,,BHR2
Heidenheim,Philipp,,,BHR2
Heilbronn,David,1803,1872,BHR2
Heilbronn,Isak,,,BHR2
Heilbronn,Isaak,1880,1943,BHR2
Heilbut,Louis Juda,1848,1884,BHR2
Heimann,Harry,1910,1993,BHR2
Heppner,Aron,1865,1938,BHR2
Herbst,Josef,1910,,BHR2
Herbst,Salomon,1912,,BHR2
Hermon,Zwi,,,BHR2
Herxheimer,Salomon,,,BHR2
Herz,Max,,,BHR2
Herzfeld,Levi,,,BHR2
Herzog,Dr ,,,BHR2
Hilb,Maier,,,BHR2
Hildesheimer,Esriel Erich,1901,,BHR2
Hildesheimer,Esriel,,,BHR2
Hirsch,Abraham,1849,1885,BHR2
Hirsch,Jakob,,,BHR2
Hirsch,Marcel Nathan,1797,1889,BHR2
Hirsch,Mordechai-Amram,1833,1909,BHR2
Hirsch,Raphael,,,BHR2
Hirsch,Samson Raphael,,,BHR2
Hirschberg,Hans,1908,1980,BHR2
Hirschfeld,Aron,,,BHR2
Hirschfeld,Hirsch,,,BHR2
Hirschfeld,Jakob Heinrich,,,BHR2
Hirschfeld,Leo Jehuda,1867,1933,BHR2
Hochfeld,Julius,,1921,BHR2
Hochfeld,Samson,1871,1921,BHR2
Höchstätter,Benjamin,,,BHR2
Hoffmann,David Zvi,1843-1844,1921,BHR2
Hoffmann,Ernst,1905,,BHR2
Hoffmann,Jacob Jehuda,1881,1956,BHR2
Hoffmann,Moses Jehuda,1873,1958,BHR2
Hoffmann,Nathan,1847,1895-1893,BHR2
Hollander,Jakob,,,BHR2
Hollander,Jesaja,,,BHR2
Holzer,Isaac Aron,1873,1951,BHR2
Holzer,Paul,1892,1975,BHR2
Horovitz,Jakob,1873,1939,BHR2
Horovitz,Josef Jona Zwi,1892,1970,BHR2
Horovitz,Markus Mordechai,1844-1847,1910,BHR2
Horovitz,Saul,1858,1921,BHR2
Horowitz,Jakob,,,BHR2
Horowitz,Hirsch,1872,,BHR2
Höxter,Levy,1863,1925,BHR2
Hulisch,Israel,1841,1912,BHR2
Hurwitz,Simon,1810,1900,BHR2
Hyman,Harry,,,BHR2
Isaacsohn,Josef,,,BHR2
Israel,Benjamin,,,BHR2
Italiener,Bruno,1881,1956,BHR2
Jacob,Benno,1862,1945,BHR2
Jacob,Ernst I.,1899,1974,BHR2
Jacobovits,Julius,,,BHR2
Jacobs,Alfred,1897,1972,BHR2
Jacobsohn,Jakob Hirsch,,,BHR2
Jacobson,Moses,1853,1930,BHR2
Jacobus,Adolf Abraham,1883,1979,BHR2
Jaffe,Ber,,,BHR2
Jaffé,Heimann,,,BHR2
Jakobovits,Julius,1886,1947,BHR2
Jampel,Sigmund,1874,1934,BHR2
Janowitz,Moritz,1850,1919,BHR2
Jaraczewsky,Adolph,,,BHR2
Jaretzki,Julius,1873,1942,BHR2
Jaulus,Heinrich,1849,1927,BHR2
Jelski,Julius,1867,1953,BHR2
Joël,David,,,BHR2
Joël,Hermann (auch Heymann o. Hirsch),,1881,BHR2
Joël,Manuel,,,BHR2
Joelsohn,Jecheskel,,,BHR2
Jonas,Regina,1902,,BHR2
Josaphat,Gerson,,,BHR2
Joseph,Israel ,,,BHR2
Joseph,Martin,1879,1943,BHR2
Joseph,Max,1868,1950,BHR2
Joseph,Peter,2006-1920,,BHR2
Josephsohn,Caesar,1863,1937,BHR2
Jospe,Alfred,1909,1994,BHR2
Kaatz,Saul,1870,,BHR2
Kaelter,Robert Rafael,1874,1926,BHR2
Kahlberg,Abraham Albert,1883,1966,BHR2
Kahn,Joseph,,,BHR2
Kahn,Leo Lipman,1842,1936,BHR2
Kahn,Ludwig,,,BHR2
Kahn,Moritz,1871,1946,BHR2
Kalir,Joseph,,,BHR2
Kalischer,Elias,1862,1932,BHR2
Kalischer,Hirsch,,,BHR2
Kamerase,Leo Michael,1856,1915,BHR2
Kaner,David M.,,,BHR2
Kantorowsky,Georg,1883,1972,BHR2
Kasinski,Sali,,,BHR2
Kastellan,Jakob,,1877,BHR2
Katten,Max,1892,1957,BHR2
Keller,Aron,1909,1998,BHR2
Kellermann,Benzion,1869,1923,BHR2
Kempner,Herbert,1921,,BHR2
Kirsch,Raphael,1863,1927,BHR2
Kirschbaum,Mendel Menachem,1895,,BHR2
Klappholz,Kurt,1913,1975,BHR2
Klausner,Hirsch,,,BHR2
Klein,Abraham Isaak,1875,1961,BHR2
Klein,David,,,BHR2
Klein,Gottlieb,1852,1914,BHR2
Klein,Hermann Zwi,1879,1955,BHR2
Klein,Hugo,1890-2006,,BHR2
Klein,Joseph,,,BHR2
Klein,Siegfried,1882,,BHR2
Klemperer,Wilhelm,,,BHR2
Kliersfeld,Joseph,1908,1988,BHR2
Kobak,Josef Israel,,,BHR2
Kober,Adolf,1879,1958,BHR2
Koch,Carl,1865,1920,BHR2
Koch,Léonard Sylvain,1867,1930,BHR2
Köhler,Max,1899,1987,BHR2
Königsberger,Bernhard,1866,1927,BHR2
Königshöfer,Emanuel,1908,,BHR2
Kohn,Abraham Jakob,1868,1922,BHR2
Kohn,Jacob,,1913,BHR2
Kohn,Julius,,,BHR2
Kohn,M.,,,BHR2
Kohn,Marx Michael,,1888,BHR2
Kohn,Pinchas,1867,1941,BHR2
Kokotek,Jakob J.,1911,,BHR2
Kopfstein,Max,1856,1924,BHR2
Koppel,Max,1905,,BHR2
Koref,Mordechai Markus,1833,1900,BHR2
Kottek,Heimann,1860,1912,BHR2
Krakauer,Hugo,,1951,BHR2
Krakauer,Moritz Mose,1853,1929,BHR2
Kramer,Jacob,,,BHR2
Kraus,Heinrich,1856,,BHR2
Krimke,Isaak Jakob,,,BHR2
Kroner,Hermann,1870,1930,BHR2
Kroner,Philipp,1833,1907,BHR2
Kroner,Theodor,1845,1923,BHR2
Kronheim,Emil,1890,1971,BHR2
Kronheim,Hans Enoch,1885,1958,BHR2
Ksinski,Sali,,,BHR2
Kunstadt,Baruch Benedikt,1887,1967,BHR2
Kurrein,Viktor,1881,1974,BHR2
Kusznitzki,Salomon,1846,1917,BHR2
Kutner,Josua-Höschel,,1878,BHR2
Kuttner,Nathan Hirsch,,,BHR2
Labaszynski (auch Labaschinski),Joseph,,,BHR2
Landau,Emil Elias,1842,1924,BHR2
Landau,Ezechiel,1888,1965,BHR2
Landau,Menachem-Mendel,,1909,BHR2
Landau,Wolf,,,BHR2
Landsberg,Lewin,,,BHR2
Landsberg,Moritz,,,BHR2
Landsberg,Wilhelm,1844,1912,BHR2
Landsberger,Julius,,,BHR2
Landsberger,Julius,,,BHR2
Lang,Élie,1817,1882,BHR2
Lange,Bruno,1891,,BHR2
Lange,Gerson,1868,1923,BHR2
Lange,Isaak Michael,,1880,BHR2
Lauer,Chaim,1876,1945,BHR2
Laupheimer,Friedrich Elias,1890,1965,BHR2
Laupheimer,Jonas Jomtov,1846,1914,BHR2
Lazard,Hirtz L.,1804,1883,BHR2
Lazarus,Arnold,1877,1932,BHR2
Lazarus,Felix,1865,1945,BHR2
Lazarus,Leiser,,,BHR2
Lazarus,Paul,1888,1951,BHR2
Lazarus,Zacharie,1829,1897,BHR2
Lebrecht,Meyer,,1894,BHR2
Lebrecht,Moses Meier,,,BHR2
Lehmann,David,1804,1878,BHR2
Lehmann,Joseph,1872,1933,BHR2
Lehmann,Leopold,,,BHR2
Lehmann,Markus,,,BHR2
Lehmann,Sylvain,1875,1938,BHR2
Leimdörfer,David,1851,1922,BHR2
Lemle,Heinrich,1909,1978,BHR2
Lerner,Meier,1857,1930,BHR2
Leschinski,Mordechai Joseph Halevi,,,BHR2
Lesser,Wolf,1845,1882,BHR2
Levi b. Salomon,1793-1878 ,,,BHR2
Levi,Benedikt,,,BHR2
Levi,Harry Zwi,,,BHR2
Levi,Joseph,1865,1930,BHR2
Levi,L.,1849,1907,BHR2
Levi,Sali,1883,1941,BHR2
Levy,Alfred,1880,1934,BHR2
Levy,Arthur,1881,1961,BHR2
Levy,Emil Nathan,1879,1953,BHR2
Levy,Harry Zwi,1893,1978,BHR2
Lévy,Isaac,1835,1912,BHR2
Lévy,Isaak Albert,1864,1921,BHR2
Lévy,Jeremias,1889,1942,BHR2
Lévy,Joachim,1808,1894,BHR2
Lévy,Joseph,1799,1879,BHR2
Lévy,Judas,1803,1876,BHR2
Lévy,Marc,1842,1926,BHR2
Levy,M.,,,BHR2
Lévy,Naphtali,1837,1908,BHR2
Lévy,Naphtali,,1909,BHR2
Lévy,Salomon,1818,1885,BHR2
Lévy,Samson,1806,1873,BHR2
Lévy,Samuel,1815,1875,BHR2
Lévy,Seligmann Naphtali,1835,1914,BHR2
Lévy,Simon,1838,1898,BHR2
Lewin,Dr ,,,BHR2
Lewin,Adolf,,,BHR2
Lewin,Alexander,1888,,BHR2
Lewin,Gabriel Hirsch ,,,BHR2
Lewin,Louis,1868,1941,BHR2
Lewin,Moritz,,,BHR2
Lewin,Moses,1870,,BHR2
Lewin,Reinhold,1888,1943,BHR2
Lewin,S.,,1885,BHR2
Lewin,Salomon ,,,BHR2
Lewinsky,Abraham,1866,1941,BHR2
Lewinsohn,M ,,,BHR2
Lewit,Julius,1866,1934,BHR2
Lewkowitz,Albert,1883,1954,BHR2
Lewkowitz,Julius,1876,,BHR2
Lewy,Israel,1841,1917,BHR2
Lewy,Wilhelm Ephraim,1876,1949,BHR2
Liberels,Moses Elieser,,,BHR2
Lichtenstein,Ascher-Anschel,,,BHR2
Lichtig,Arje Leopold,1873,,BHR2
Liebermann,Arthur,1870,1950,BHR2
Liebreich,A ,,,BHR2
Lindermann,Simon,1827,,BHR2
Link,Samuel Wolf,1871,,BHR2
Lipschütz,Oskar,,,BHR2
Littmann,Martin,1864,1946,BHR2
Löb,Herrmann,1884,1962,BHR2
Löb,Jonas Zwi Hermann,1849,1911,BHR2
Löb,Lazarus,,,BHR2
Lövy,S ,,,BHR2
Löwenmayer,Maier,,,BHR2
Löwenmayer,Maier,,,BHR2
Löwenstamm,Arthur L.,1882,1965,BHR2
Löwenstein,Egon Israel,1912,1987,BHR2
Löwenstein,Leopold,1843,1923,BHR2
Löwenthal,Abraham Albert,1868,1928,BHR2
Löwenthal,Hans Gabriel,1912,1942-1942,BHR2
Loewy,Jacob Isaac,1860,1930,BHR2
Löwy,S.,1885,1968,BHR2
Lorge,Moritz,1874,1948,BHR2
Lorsch,Julius,1881,1919,BHR2
Lubasch,Lothar,1896,1976,BHR2
Lubliner,Manfred,1910,1991,BHR2
Lucas,Leopold,1872,1943,BHR2
Maier,Joseph ,,,BHR2
Mannes,Salomon,1871,1960,BHR2
Mannheimer,David,1863,1919,BHR2
Margulies,Samuel Hirsch,1858,1922,BHR2
Marx,Lehmann,1846,1925,BHR2
Marx,Moses,1876,1924,BHR2
Marx,Victor,1872,1944,BHR2
Maybaum,Ignaz,1897,1976,BHR2
Maybaum,Siegmund,1844,1919,BHR2
Mayer,Baruch,1845,1927,BHR2
Mayer,Eugen,,,BHR2
Mayer,Isak (Jack),,,BHR2
Mayer,Israel,,,BHR2
Mayer,Samuel,,,BHR2
Mehler,Ludwig Jakob,1907,1945,BHR2
Melchior,Marcus Lazarus,1897,1969,BHR2
Merzbach,Julius Jona,1900,1980,BHR2
Messing,Joseph,,,BHR2
Metzger,Kurt Leo,1909,1992,BHR2
Meyer,Akiba E. L.,1859,1930,BHR2
Meyer,Benjamin,1867,1934,BHR2
Meyer,Eugen,1867,1930,BHR2
Meyer,Hans Chanoch,1909,1991,BHR2
Meyer,Heinz,1907,,BHR2
Meyer,Israel,,,BHR2
Meyer,Samuel,,,BHR2
Meyer,Seligmann,1853,1925,BHR2
Michalski,Jacob Abraham Jechiel,1889,1961,BHR2
Mislowitzer,A.,,,BHR2
Mook,Salomon,1833,1898,BHR2
Morhange,Louis,1804,1888,BHR2
Moses,Jisroel Baruch,,1899,BHR2
Moses,Juda Lewin ,,,BHR2
Mühlfelder,Joseph Jakob,1844,1907,BHR2
Münz,Isak,1857,1938,BHR2
Münz,Lasar,1837,1921,BHR2
Mugdan,Abraham,1848,1927,BHR2
Munk,Eli,1900,1978,BHR2
Munk,Elias,,,BHR2
Munk,Elie,1900,1981,BHR2
Munk,Esra,1867,1940,BHR2
Munk,Leo,1851,1917,BHR2
Munk,Michael L.,1905,1984,BHR2
Munk,Rafael Saul,1899,1969,BHR2
Nager,Abraham,,,BHR2
Naschér,Simon,,,BHR2
Nathan,Nathan Max,1879,1944,BHR2
Nathansohn,Chaim,,,BHR2
Neckarsulmer,Juda Wolf,,,BHR2
Nellhaus,David Dagobert,1891,1980,BHR2
Netter,Nathan,1866,1959,BHR2
Neubauer,Jakob Jekuthiel,1895,1945,BHR2
Neubürger,Jacob Immanuel,1847,1922,BHR2
Neuhaus,Leopold,1879,1954,BHR2
Neuhaus,Ralph,1909,1990,BHR2
Neumark,Manass,1875,1942,BHR2
Neustadt,Pinkus,,,BHR2
Neuwirth,Aharon,1881,1958-1958,BHR2
Neuwirth,Samuel,1867,1941,BHR2
Nischkowski,Dr.,1853,1933,BHR2
Nobel,Israel,1878,1962,BHR2
Nobel,Joseph,1837,1917,BHR2
Nobel,Nehemia Zwi Anton,1871,1922,BHR2
Norden,Chaim,,1872,BHR2
Norden,Joseph,1870,1943,BHR2
Nordheimer,Viktor,1857,1911,BHR2
Nordmann,Moïse,1809,1884,BHR2
Nussbaum,Max,1910,1974,BHR2
Oberdorfer,Jakob,,,BHR2
Oberländer,Kurt,1913,1943,BHR2
Ochs,David,1904,1974,BHR2
Ochs,Samuel Moses,1886,1942,BHR2
Olitzki,Markus,1859,1920,BHR2
Oppenheim,Gustav,1862,1940,BHR2
Oppenheim,Joachim Heinrich,,,BHR2
Oppenheim,Juda,,,BHR2
Oppenheimer,Julius,1827,1909,BHR2
Ohrenstein,Aron,1909,1986,BHR2
Ostfeld,Hermann,1912,,BHR2
Peritz,Curt,1898,1975,BHR2
Perles,Felix,1874,1933,BHR2
Perles,Joseph,,,BHR2
Perlitz,Gabriel Gustav,1839,1916,BHR2
Petuchowski,Marcus Salomon,1866,1926,BHR2
Pfingst,Gustav,1900,1957,BHR2
Philipp,Alfred Ahron,1904,1970,BHR2
Picard,Eliakim,,,BHR2
Pick,Jakob,,,BHR2
Pick,Ludwig,1843,1937,BHR2
Pick,Seligmann,1863,1928,BHR2
Pincoffs,Ludwig (Elieser),1884,,BHR2
Pinkuss,Fritz,1905,,BHR2
Pinkuss,Hermann Israel,1867,1936,BHR2
Plato,Hirsch,,,BHR2
Plato,Immanuel,1863,1937,BHR2
Plaut,Rudolf,,,BHR2
Plessner,Elias,1841,1898,BHR2
Plotke,Fritz David,1906,1994,BHR2
Poliatschek,Moïse,1885,,BHR2
Popper,Salomon,,,BHR2
Porges,Nathan,1848,1924,BHR2
Posen,Gerson,1852,1932,BHR2
Posen,Jacob S.,,1925,BHR2
Posner,Arthur Bernhard,1890,1962,BHR2
Posner,Salomon,1866,1942,BHR2
Prager,Isaac Emil,1847-1849,1905,BHR2
Prijs,Joseph Akiba,1889,1956,BHR2
Prinz,Joachim,1902,1988,BHR2
Prys,Joseph Akiba,,,BHR2
Pulvermacher,Jesaja-Schaje,,,BHR2
Rabin,Israel Abraham,1882,1951,BHR2
Rabinow,Samuel Josef,1889,1963,BHR2
Rahmer,Moritz,,,BHR2
Raphael,Philipp,,,BHR2
Rau,David,1861,1911,BHR2
Rawicz,Victor Meyer,1846,1915,BHR2
Rawitsch,Victor Meyer,,,BHR2
Rebhun,David ,,,BHR2
Rehfisch,Jakob Simcha,,,BHR2
Reiss,Moses,,,BHR2
Richter,Karl,1910,2005,BHR2
Richter,Salomon,1853,1906,BHR2
Rieger,Paul,1870,1939,BHR2
Rippner,Benjamin,1842,1898,BHR2
Ritter,Bernhard Löbel,1855,1935,BHR2
Ritter,Immanuel Heinrich,,,BHR2
Rogosnitzky,Moses,1884,,BHR2
Roller,Eisig,1825,1900,BHR2
Roos,Kaufmann,,,BHR2
Rösel,Isaak Isert,1883,1957,BHR2
Rosenak,Leopold,1868,1923,BHR2
Rosenberg,Isaac M.,1860,,BHR2
Rosenberg,Manfred,1908,1980,BHR2
Rosenblüth,Simon,1868,,BHR2
Rosenfeld,Baruch,,,BHR2
Rosenstein,Michael,,,BHR2
Rosenthal,Arthur,1885,1951,BHR2
Rosenthal,Ferdinand,,,BHR2
Rosenthal,Frank,1911,1979,BHR2
Rosenthal,Karl,1885,1952,BHR2
Rosenthal,Ludwig,1870,1938,BHR2
Rosenthal,Ludwig August,1855,1928,BHR2
Rosenwasser,Hirsch Mendel Emil,1882,,BHR2
Rosenzweig,Adolf,1850,1918,BHR2
Rosenzweig,Arthur,1883,1936,BHR2
Roth,Alexander,1904,,BHR2
Rothschild,Lothar Simon,1909,1974,BHR2
Rothschild,Salomon-Salman,,,BHR2
Ruben,J.,,,BHR2
Rülf,Friedrich Salomon,1896,1976,BHR2
Rülf,Gutmann (Yom-Tov),1851,1915,BHR2
Rülf,Isaak,,,BHR2
Sachs,Hirsch (Zwi Schmuel) Hans,1873,1934,BHR2
Sagalowitsch,Jacob Meir,1879,1943,BHR2
Salfeld,Sigmund,,,BHR2
Salomon,Benjamin Falk Felix,1876,1940,BHR2
Salomon,Hans,,,BHR2
Salomon,Leo Lewin,1861,1945,BHR2
Salomonowicz,Ludwig,1911,,BHR2
Salomonski (Salomonsky),Martin,1881,,BHR2
Salvendi,Adolf,,,BHR2
Salzberger,Georg,1882,1975,BHR2
Salzberger,Moritz,1844,1929,BHR2
Salzer,Moses,,,BHR2
Samter,H.,,1888,BHR2
Samter,L.,,,BHR2
Samter,Tobias,,,BHR2
Samuel,Salomon (Sally),1867,1942,BHR2
Sander,David,1867,1939,BHR2
Sandler,Neumann,1865,,BHR2
Sänger,Hermann Max,1909,1980,BHR2
Sänger,Hirsch,1843,1909,BHR2
Sänger,Jacob,1878,1938,BHR2
Sänger,Jonas,,,BHR2
Sänger,Max,,,BHR2
Sarahsohn,Chaijim Jechiel,,1874,BHR2
Saretzki,Adalbert,1911,,BHR2
Scheftelowitz,Erwin Elchanan,1911,1994,BHR2
Scheftelowitz,Isidor,1875,1934,BHR2
Schick,Lazar(us),,,BHR2
Schiff,Hugo,1892,1986,BHR2
Schiffer,Sinai,1854,1923,BHR2
Schlesinger,Abraham,1882,1961,BHR2
Schlesinger,Emil,1874,1938,BHR2
Schlesinger,Gottschalk,,,BHR2
Schlesinger,Moses,1865,1946,BHR2
Schlesinger,Simon (Siegfried),1883,1959,BHR2
Schlessinger,Gustav,,,BHR2
Schleßinger,Lazarus,1842,1924,BHR2
Schmalzbach,Leon (Leopold),1882,,BHR2
Schneidemühl,Hirsch,,,BHR2
Schönberger,Davin (David),1897,1989,BHR2
Schornstein,Max,1870,1949,BHR2
Schorsch,Emil,1899,1982,BHR2
Schreiber,Emanuel,1852,1933,BHR2
Schreiber,Hermann,1882,1954,BHR2
Schreiber,Salomon,,1894,BHR2
Schüftan,Max,1887,1936,BHR2
Schüler,Salomon Seev,1870,1938,BHR2
Schüler,Samuel Chaim,1844,1915,BHR2
Schwab,Jacques,1831,1882-1883,BHR2
Schwab,Simon,1908,1995,BHR2
Schwarz,Adolf (Arye),1846,1931,BHR2
Schwarz,Bernard Émile,1877,1956,BHR2
Schwarz,Hayum,,,BHR2
Schwarz,Israel,,,BHR2
Schwarzschild,Moses,,,BHR2
Schwarzstein,Israel,1840,,BHR2
Schweizer,Abraham,1875,,BHR2
Segall,Benjamin Sebulon ,,,BHR2
Seligkowitz,Benzion,1864,1918,BHR2
Seligmann,Cäsar,1860,1950,BHR2
Seligmann,Ludwig,,,BHR2
Seligsberg,Marx Hayum,,,BHR2
Seligsohn,Rudolf Arnold Sylvester,1909,1943,BHR2
Selver,David,1856-1857,1926,BHR2
Selz,Elkan,,,BHR2
Selz,Hayum,,,BHR2
Sherman,Stephen (alter Name?),1910,1988,BHR2
Silberberg,Elias,1840,1887,BHR2
Silberberg,Moritz,1867,1932,BHR2
Silbermann,Lazar,,,BHR2
Silberstein,Emil,1867,1946,BHR2
Silberstein,Michael,,,BHR2
Silberstein,Siegfried,1866,1935,BHR2
Simonsohn,Max,1888,1936,BHR2
Singer,Adolf Ascher,1837,1889,BHR2
Singer,Moritz (Moses),1854,1901-1900,BHR2
Singer,Salomon,1850,1887,BHR2
Singermann,Felix (Schmuel),1888,,BHR2
Skutsch,Eisik,,,BHR2
Sonderling,Jakob,1878,1964,BHR2
Sondheimer,Hillel,,,BHR2
Sophar,Wolf,,,BHR2
Spak,Isaak,,,BHR2
Spiegel,Samson,1811,1890,BHR2
Spitz,Ignatz ,1856,1931,BHR2
Spitzer,Samuel (Abraham Samuel Benjamin),1872,1934,BHR2
Steckelmacher,Ernst,1881,,BHR2
Stein,Alexander,,,BHR2
Stein,Isa(a)k,1875,1915,BHR2
Stein,Leopold,,,BHR2
Stein,Leopold,1873-1874,1916,BHR2
Stein,Salomon (Salo),,,BHR2
Stein,Siegmund (Salomo Dow ben Jechiel),1897,1939,BHR2
Steinberg,Eli,1906,,BHR2
Steingut,Dr ,,,BHR2
Steinthal,Fritz-Leopold,1889,1969,BHR2
Stern,Anschel,,,BHR2
Stern,Benjamin,,,BHR2
Stern,Jakob,1843,,BHR2
Stern,Joachim,,,BHR2
Stern,Moritz,1864,1939,BHR2
Steuer,Ulrich B.,1912,1973,BHR2
Stiebel,Salomon,,,BHR2
Stier,Josef-Salomon,1843,1919,BHR2
Stössel,David,1850-1848,1919,BHR2
Stranz,Reinhard,1921,,BHR2
Strassburger,Ferdinand,1884,1927,BHR2
Strassburger,Jesaias,1871,1915,BHR2
Strauss,Herbert Arthur,1918,2005,BHR2
Strauss,Isaac,,,BHR2
Süskind,Samuel,,,BHR2
Tänzer,Aron Arnold,1871,1937,BHR2
Tannenberg,Isaak,1865,1942,BHR2
Tawrogi,Abraham,1857,1929,BHR2
Teichner,Wilhelm,1909,1942-1943,BHR2
Thalmann,Gumbel,,1880,BHR2
Theodor,Julius (Jehuda Noah),1849,1923,BHR2
Tietz,Hermann,,,BHR2
Tiktin,Gedalja,,,BHR2
Tiktin,Salomon,1863,,BHR2
Traub,Löw,,1878,BHR2
Treitel,Leopold,1845,1931,BHR2
Trepp,Leo,1913,,BHR2
Treuenfels,Abraham,,,BHR2
Ucko,Siegfried,1905,1976,BHR2
Uhry,Lucian,1872,1951,BHR2
Uhry,Simon-Adolphe,1849,1915,BHR2
Ulmo,Marc,1803,1895,BHR2
Ungar,Moses,1814,,BHR2
Unna,Isak,1872,1948,BHR2
Van der Zyl,Werner,1902,1984,BHR2
Veilchenfeld,Moses,,,BHR2
Veis,Alfred,1912,1997,BHR2
Victor,Arthur Elieser,1900,1934,BHR2
Vogel,Joseph,,,BHR2
Vogelstein,Heinemann,,,BHR2
Vogelstein,Hermann,1870,1942,BHR2
Vogelstein,Max,1901,1984,BHR2
Voos,Julius,1904,1944,BHR2
Wachenheimer,Gustav,1872,1929,BHR2
Wagner,Hayum Süßel,,,BHR2
Wälder,Abraham,,,BHR2
Wäldler,Salomon Lipmann,,,BHR2
Wahl,Benjamin,1842,1905,BHR2
Wahrmann,Nachum Israel,1895,1961,BHR2
Wallach,Luitpold,1910,1986,BHR2
Wallerstein,Josua,,,BHR2
Walter,Gotthilf,1867,1942,BHR2
Walter,Isidor,1872,1943,BHR2
Warschauer,Malvin,1871,1955,BHR2
Wassermann,Moses ,,,BHR2
Wassermann,Moses Samson,1891,1962,BHR2
Wassertrilling,Herrmann,,1887,BHR2
Wechsberg,Bern(h)ard,1911,1992,BHR2
Wechsler,Bernhard,,,BHR2
Wedell,Abraham,1844,1891,BHR2
Weil,Arthur (Ephraim),1880,1959,BHR2
Weil (Weill),Edmund,1878,,BHR2
Weil,Ernst,1865,1947,BHR2
Weil,Isaac,1840,1899,BHR2
Weil,Isidore,1838,1927,BHR2
Weill,Kaufmann,1835,1917-1918,BHR2
Weill,Nathanael,,,BHR2
Weill,Siegmund,,,BHR2
Weimann,Elkan,,,BHR2
Weinberg,A. M ,,,BHR2
Weinberg,Jakob Jechiel,1884-1885,1966,BHR2
Weinberg,Magnus,1867,1943,BHR2
Weingarten,Las(s)er,1863,1937,BHR2
Weiskopf,David,,,BHR2
Weiss,Chaim,1843,1904,BHR2
Weiss,David,1876,,BHR2
Weiss,Joseph,,,BHR2
Weiss,Samson Raphael,1910,1990,BHR2
Weiss,Theodor,1908,1987,BHR2
Weissblum,Mathias,,1873,BHR2
Weisse,Samson,1857,1946,BHR2
Werner,Hartwig,,,BHR2
Werner,Mose-Cossmann,1853-1854,1918,BHR2
Wetzlar,Marcus Gerson,,,BHR2
Weyl,Arthur,,,BHR2
Weyl,Heinrich (Heiman) Lewin (Chajim Jehuda),1866,,BHR2
Weyl,Michael Max (Mordechai?),1873,1942,BHR2
Wiener,Adolph Meyer,,,BHR2
Wiener,Elie Joseph,1870,1944-1943,BHR2
Wiener,Max,1882,1950,BHR2
Wiesen,Josef,1866-1865,1942,BHR2
Wilde,Georg,1877,1949-1950,BHR2
Willstätter,Benjamin,,,BHR2
Wimphen,Michel,1809,,BHR2
Winter,David Alexander,1878,1953,BHR2
Winter,Fritz Salomon,1914,2000,BHR2
Winter,Jakob,1857,1940-1941,BHR2
Winter,Moritz,1886,1971,BHR2
Wissmann,Löb,,1903,BHR2
Witkowski,Israel,,1884,BHR2
Wittelshöfer,Israel,,,BHR2
Wochenmark(t),Josef,1880-1881,1943,BHR2
Wohlberg,Robert,1866,1926,BHR2
Wohlgemuth,Gotthelf Isaiah,1915,2008,BHR2
Wohlgemuth,Jesaja,,,BHR2
Wohlgemuth,Joseph,1885,1935,BHR2
Wolf,Albert,1890,1951,BHR2
Wolf,Benedikt Pinchas,1875,1968,BHR2
Wolff,Aron Isak,1842,1900,BHR2
Wolff,Jacob,1813,1883,BHR2
Wolff,Zacharias,1840,1915,BHR2
Wolfssohn,Wilhelm,,,BHR2
Worms,Moses,1864,1920,BHR2
Wormser,Joseph Samuel,,,BHR2
Wormser,Salomon,,,BHR2
Wreschner,Abraham-Abbusch,,,BHR2
Wreschner,Leopold,1865,1935,BHR2
Wreschner,Moses Abraham,,,BHR2
Wrzynsky,Paul,,2002,BHR2
Wurmser,Joseph Moïse,1830,1893,BHR2
Wurmser,Raphaël,1795,1875,BHR2
Ziemlich,Pincus Bernhard,1850,1907,BHR2
Zimels,Julius,1872,1955,BHR2
Zimet,Erwin,1912,1989,BHR2
Zion,Robert,1906,,BHR2
Zivi,B ,,,BHR2
Zivi,Joseph,1865,1935,BHR2
Zlocisti,Isidor,1878,1938-1932,BHR2
Zolinski (Solnick),Joseph,1870,1934,BHR2
Zomber,Bernhard,,,BHR2
Zucker,Hans,1909,1981,BHR2
Zuckermandel,Moses Samuel,,,BHR2
Zuckermann,Simon,,1906,BHR2
